sig_ident,sig_nom_normalise,sig_num_dl,sig_pdc_perfo,sig_source_tg,sig_type_tg,sig_code_cell_am,sig_code_cell_av,sig_tag_tg,sig_commune,sig_nom_sig,sig_type_pdc,sig_statut_mes,sig_type_telegestion,sig_type_compteur,sig_marque_compteur,sig_modele_compteur,sig_marque_datalogger,sig_modele_datalogger,sig_geometry_wkt,sig_gps_x,sig_gps_y
CPT-224,STAVELOT CIRCUIT R ARR DUK EAU,DL5953,N,A000194FT2,TGC,S00217101-B01,S00217101-B01,,,,None,,,,,,,,POINT ZM (762978.5798000023 627654.9934 0 nan),5.9595680232962085,50.448714680451054
CPT-280,STAVELOT RIVAGE MOYEN R ARR RIVAGE HAUT R,DL4963,N,Z999999FT99,TGC,55100527,55100527,,,,None,,,,,,,,POINT ZM (763555.4452000037 624307.3447999991 0 nan),5.966668181160491,50.418513043646215
CPT-292,WAIMES BOTRANGE INFERIEUR ST FILTRE,DL5701,N,Botrange_ST_CM_FT002.F.PV,TGW,S00231701-B01,S00231701-B01,,,,None,,,,,,,,POINT ZM (773569.9360999987 632220.2655000016 0 nan),6.110171254200097,50.487598903834666
CPT-293,WAIMES ANDRIFOSSE SP LAVAGE,DL6702,N,Andrifosse_ST_CM_FT004.F.PV,TGW,S00231601-B01,S00231601-B01,,,,None,,,,,,,,POINT ZM (774794.8427999988 629904.4206999987 0 nan),6.126650777844824,50.466523678687025
CPT-297,VIELSALM RTE CIERREUX SECOUR LIERMINAY,DL6874,N,,NONE,55102846,55102846,,,,None,,,,,,,,POINT ZM (759472.3627000004 606995.4100000001 0 nan),5.904158199253702,50.263684435361846
CPT-302,VIELSALM BECHE ARR CAPTAGE,DL5879,N,Z004059FT1,TGC,S00230501-B01,S00230501-B01,,,,None,,,,,,,,POINT ZM (759846.8043000028 607129.6838999987 0 nan),5.90944810517803,50.26482121286299
CPT-343,ST VITH BREITFELD R EAU SERVICE,DL6939,N,Breitfeld_R_CM_FQT001,TGW,S00220901-B01,S00220901-B01,,,,None,,,,,,,,POINT ZM (777538.3096000031 607764.2965000011 0 nan),6.157729673749463,50.2669388782092
CPT-521,LIERNEUX VERLEUMONT S,DL0192,O,Verleumont_S_CM_FT001.F.PV,TGW,55102958,55102960,Verleumont_S_CM_FT001.F.PV,LIERNEUX,LIERNEUX VERLEUMONT S,Production,EN SERVICE,TGW,INCONNU,INCONNU,INCONNU,,,POINT ZM (752044.2942000031 608575.9607000016 0 nan),5.800425587861944,50.279234408042875
CPT-564,VIELSALM WEZ DES POURCEAUX R75 DEP VERS ST,DL5213,O,DL0152_3,TRD,42500574,55/7/3/001-55/7/6/003,VIELSALM_CM_FT039,VIELSALM,VIELSALM WEZ DES POURCEAUX R DEP ST,Production,EN SERVICE,TRD,COMPTEUR,ITRON,FLOSTAR,SOFREL,LS42,POINT ZM (749483.2049999982 605042.9594999999 0 nan),5.763562245126051,50.24791770514579
CPT-606,LIERNEUX BOUSSINE,DL0185,O,DL0185_1,TRD,55102953,55102965,LIERNEUX_CM_FT010,LIERNEUX,LIERNEUX BOUSSINE,Distribution,EN SERVICE,TRD,DEBITMETRE,SIEMENS,MAG8000,SOFREL,LS42,POINT ZM (745898.4167999998 611491.2380999997 0 nan),5.714959474909741,50.30648032603954
CPT-705,JALHAY VECQUEE R DEP ADD STAVELOT,DL6468,O,Vecquee_R_CM_FT002.F.PV,TGW,42509512,003005-B01,Vecquee_R_CM_FT002.F.PV,JALHAY,JALHAY VECQUEE R DEP ADD STAVELOT,Production,EN SERVICE,TGW,INCONNU,INCONNU,INCONNU,,,POINT ZM (762825.1027999967 630898.7586999983 0 nan),5.958391123569094,50.47790019133481
CPT-706,STAVELOT PRISE ADDUCTION WAVREUMONT PETIT,DL6822,O,HTMasta_CV_CM_FT002.F.PV,TGW,42500524,42509512,HTMasta_CV_CM_FT002.F.PV,STAVELOT,STAVELOT PRISE ADDUCTION WAVREUMONT PETIT,Adduction,EN SERVICE,TGW,DEBITMETRE,ENDRESS HAUSER,INCONNU,,,POINT ZM (762852.0909999982 622533.7093999982 0 nan),5.9562366281464545,50.40270748101999
CPT-707,JALHAY MORFAT DEP MORFAT,DL0234,O,A000217FT2,TGC,55103411,001946-B04,JALHAY_CM_FT009,JALHAY,JALHAY MORFAT DEP MORFAT,Production,EN SERVICE,TGC,INCONNU,INCONNU,INCONNU,,,POINT ZM (762990.1164999977 631532.4125000015 0 nan),5.960908008663304,50.48356364139749
CPT-833,STAVELOT BARONHEID R ARR ADDUCTION DN250,DL4449,O,Baronheid_R_CV_CM_FT001.F.PV,TGW,S00216101-B01,42509512,Baronheid_R_CV_CM_FT001.F.PV,STAVELOT,STAVELOT BARONHEID R ARR ADDUCTION DN250,Production,EN SERVICE,TGW,INCONNU,ENDRESS HAUSER,INCONNU,,,POINT ZM (763253.4297999963 630731.6961999983 0 nan),5.964373500162091,50.47631551154839
CPT-858,WAIMES TCHENAS,DL0288,O,DL0288_1,TRD,55309402,55301000,WAIMES_CM_FT009,WAIMES,WAIMES TCHENAS,Distribution,EN SERVICE,TRD,DEBITMETRE,SIEMENS,MAG8000,SOFREL,LS42,POINT ZM (774044.9804000035 630789.6486000009 0 nan),6.116386569350564,50.47463991689276
CPT-860,WAIMES ANDRIFOSSE SP REF BOTRANGE INF,DL3061,O,Andrifosse_ST_CM_FT003.F.PV,TGW,42500519,S00231601-B01,Andrifosse_ST_CM_FT003.F.PV,WAIMES,WAIMES ANDRIFOSSE ST REF BOTRANGE INF,Production,EN SERVICE,TGW,INCONNU,INCONNU,INCONNU,,,POINT ZM (774796.2430000007 629902.9708999991 0 nan),6.126670008777433,50.466510348575646
CPT-861,WAIMES CHAMPAGNE REF,DL3064,O,A000142FT2,TGC,55302403,S00231801-B01,WAIMES_CM_FT005,WAIMES,WAIMES CHAMPAGNE REF,Production,EN SERVICE,TGC,INCONNU,INCONNU,INCONNU,,,POINT ZM (775408.4262999967 626770.8557000011 0 nan),6.134235926186909,50.438228253277
CPT-862,WAIMES BOTRANGE INF R ARR ANDRIFOSSE R,DL4482,O,Botrange_ST_CM_FT006.F.PV,TGW,S00231701-B01,42500519,Botrange_ST_CM_FT006.F.PV,WAIMES,WAIMES BOTRANGE INF ST ARR ANDRIFOSSE R,Production,EN SERVICE,TGW,INCONNU,INCONNU,INCONNU,,,POINT ZM (773548.7866000012 632219.1429000013 0 nan),6.109872929455955,50.48759329709297
CPT-868,VIELSALM FARNIERES ST,DL0162,O,Z004056FT1,TGC,55102819,42500588,JALHAY_CM_FT012,VIELSALM,VIELSALM FARNIERES ST,Production,EN SERVICE,TGC,INCONNU,INCONNU,INCONNU,,,POINT ZM (757462.7018999979 612289.191300001 0 nan),5.877495669858268,50.31164099637903
CPT-874,STAVELOT G DEWALQUE,DL0223,O,DL0223_1,TRD,55103155,55103166,STAVELOT_CM_FT010,STAVELOT,STAVELOT G DEWALQUE,Distribution,EN SERVICE,TRD,DEBITMETRE,ENDRESS HAUSER,PROMAG53,SOFREL,LS42,POINT ZM (761130.3440999985 621279.1545999981 0 nan),5.931649247727455,50.39176140515425
CPT-875,VIELSALM CLINIQUE,DL0157,O,DL0157_1,TRD,55102847,55102829,VIELSALM_CM_FT020,VIELSALM,VIELSALM CLINIQUE,Distribution,EN SERVICE,TRD,DEBITMETRE,ENDRESS HAUSER,PROMAG53,SOFREL,LS42,POINT ZM (760697.0244999975 608883.2311999984 0 nan),5.92188809929832,50.28042291433342
CPT-883,VIELSALM RENCHEUX R DEP,DL0145,O,DL0145_1,TRD,55102833,55102847,VIELSALM_CM_FT010,VIELSALM,VIELSALM RENCHEUX R DEP,Production,EN SERVICE,TRD,COMPTEUR,ITRON,FLOSTAR,SOFREL,LS42,POINT ZM (759001.0195999965 608878.3361000009 0 nan),5.8980960833603415,50.28069735212943
CPT-888,STAVELOT RENARDMONT SP DEP GRAV,DL3442,O,Renardmont_SP_CM_FT003.F.PV,TGW,55104190,S00218501-B01,Renardmont_SP_CM_FT003.F.PV,STAVELOT,STAVELOT RENARDMONT SP DEP GRAV,Production,EN SERVICE,TGW,DEBITMETRE,INCONNU,INCONNU,,,POINT ZM (759561.0647 621674.5086999983 0 nan),5.909700820394376,50.39561169393264
CPT-991,MALMEDY RECULEMONT CV VERS LASNENVILLE BP,DL3501,O,Reculemont_CV_CM_FT003.F.PV,TGW,55302950,42500632,Reculemont_CV_CM_FT003.F.PV,MALMEDY,MALMEDY RECULEMONT CV VERS LASNENVILLE BP,Adduction,EN SERVICE,TGW,INCONNU,INCONNU,INCONNU,,,POINT ZM (767995.5152999982 620506.3861999996 0 nan),6.027928006307158,50.38346855267592
CPT-993,MALMEDY FLORIHEID HAUT R DEP PREAIX SP,DL6727,O,FloriheidH_SP_CM_FT002.F.PV,TGW,42500503,S00200301-B01,FloriheidH_SP_CM_FT002.F.PV,MALMEDY,MALMEDY FLORIHEID HAUT R DEP PREAIX SP,Production,EN SERVICE,TGW,INCONNU,INCONNU,INCONNU,,,POINT ZM (768019.4566999972 623982.372299999 0 nan),6.029363824523737,50.41470641648422
CPT-996,STAVELOT HOCKAI R SURP,DL3194,O,Hockai_SP_CM_FT002.F.PV,TGW,55103181,S00217801-B01,Hockai_SP_CM_FT002.F.PV,STAVELOT,STAVELOT HOCKAI SP DEP HOCKAI,Production,EN SERVICE,TGW,INCONNU,INCONNU,INCONNU,,,POINT ZM (765795.4714000002 631149.5954999998 0 nan),6.000308293600269,50.47957212399328
CPT-998,STAVELOT LODOMEZ R ARR ADDUCTION,DL4958,O,Lodomez_R_CV_CM_FT001.F.PV,TGW,S00218101-B01,42509512,Lodomez_R_CV_CM_FT001.F.PV,STAVELOT,STAVELOT LODOMEZ R ARR ADDUCTION,Production,EN SERVICE,TGW,INCONNU,INCONNU,INCONNU,,,POINT ZM (763976.1670999974 619999.7954000011 0 nan),5.971271043137593,50.37971343764812
CPT-1000,STAVELOT LODOMEZ R DEP,DL0214,O,Lodomez_R_CM_CV_FT002.F.PV,TGW,55103152,S00218101-B01,Lodomez_R_CV_CM_FT002.F.PV,STAVELOT,STAVELOT LODOMEZ R DEP,Production,EN SERVICE,TGW,INCONNU,INCONNU,INCONNU,,,POINT ZM (763975.2669999972 620000.5152999982 0 nan),5.971258610636172,50.37972008402398
CPT-1003,STAVELOT RIVAGE HAUT R ARR ADD,DL4959,O,Rivage_Haut_R_CM_FT001.F.PV,TGW,S00218801-B01,42500526,Rivage_Haut_R_CM_FT001.F.PV,STAVELOT,STAVELOT RIVAGE HAUT R ARR ADD,Production,EN SERVICE,TGW,DEBITMETRE,ENDRESS HAUSER,PROMAG400,,,POINT ZM (763593.9891000018 625027.2624999993 0 nan),5.967429807594591,50.424976369995285
CPT-1092,MALMEDY MONT,DL2929,O,DL2929_1,TRD,55302910,55302947,MALMEDY_CM_FT020,MALMEDY,MALMEDY MONT,Distribution,EN SERVICE,TRD,DEBITMETRE,SIEMENS,MAG8000,SOFREL,LS42,POINT ZM (769758.6169999987 629514.5934000015 0 nan),6.0556058898075,50.46407594589654
CPT-1114,LIERNEUX DOYARD,DL0193,O,DL0193_1,TRD,55102961,55102960,LIERNEUX_CM_FT008,LIERNEUX,LIERNEUX DOYARD,Distribution,EN SERVICE,TRD,DEBITMETRE,SIEMENS,MAG8000,SOFREL,LS42,POINT ZM (750655.0561999977 609264.0744999982 0 nan),5.781122888424579,50.28566057541843
CPT-1211,MANHAY VAUX CHAVANNE R OUT,DL5110,O,DL5110_1,TRD,42500504,S00203202-B01,MANHAY_CM_FT003,MANHAY,MANHAY VAUX CHAVANNE R OUT,Production,EN SERVICE,TRD,COMPTEUR,ITRON,FLOSTAR,SOFREL,DL4W-S,POINT ZM (745239.0088 610500.0932999998 0 nan),5.70545188589269,50.297678735733854
CPT-1230,MALMEDY PREAIX SP REF FLORIHEID HT ANCIEN,DL3159,O,Preaix_S_CM_FT002.F.PV,TGW,42500503,55302952,Preaix_S_CM_FT002.F.PV,MALMEDY,MALMEDY PREAIX SP REF FLORIHEID HT ANCIEN,Production,EN SERVICE,TGW,INCONNU,INCONNU,INCONNU,,,POINT ZM (768820.2674999982 624655.1356000006 0 nan),6.0408428285509626,50.42059080557282
CPT-1231,MALMEDY CROIX CHODES SP DEP GRAV,DL2948,O,CroixChodes_SP_CM_FT002.F.PV,TGW,55302945,002000-B01,CroixChodes_SP_CM_FT002.F.PV,MALMEDY,MALMEDY CROIX CHODES SP DEP GRAV,Production,EN SERVICE,TGW,INCONNU,INCONNU,INCONNU,,,POINT ZM (768714.7814999968 625305.9943000004 0 nan),6.039566070664084,50.42646225150959
CPT-1234,MALMEDY ST DONNAT R IN,DL5749,O,Z999999FT99,TGC,S00202001-B01,56/2/2/003,MALMEDY_CM_FT114,MALMEDY,MALMEDY ST DONAT R IN,Production,EN ATTENTE,TGC,INCONNU,INCONNU,INCONNU,,,POINT ZM (770199.9607999995 617267.2688999996 0 nan),6.057874536820779,50.353905503310116
CPT-1236,MALMEDY TAHON PRE LORETTE,DL2912,O,DL2912_1,TRD,55302916,002024-B02,MALMEDY_CM_FT024,MALMEDY,MALMEDY TAHON PRE LORETTE,Production,EN SERVICE,TRD,DEBITMETRE,SIEMENS,MAG8000,SOFREL,LS42,POINT ZM (769960.2840000018 620318.2221000008 0 nan),6.055486771919651,50.38137708444493
CPT-1237,MALMEDY AL GOFFE BOUSSIRE S DEP SURP BOUSSIRE,DL2942,O,AlGofBoussir_S_CM_FT002.F.PV,TGW,55302934,S00198901-B01,AlGofBoussir_S_CM_FT002.F.PV,MALMEDY,MALMEDY AL GOFFE BOUSSIRE S DEP SURP BOUSSIRE,Production,EN SERVICE,TGW,INCONNU,INCONNU,INCONNU,,,POINT ZM (770117.126699999 626592.1381999999 0 nan),6.059711501938189,50.43773518123045
CPT-1268,VIELSALM COMMANSTER ACHAT GOUVY DN20,DL6439,O,DL5493_3,TRD,55102827,Unknown,VIELSALM_CM_FT075,VIELSALM,VIELSALM COMMANSTER ACHAT GOUVY DN20,Achat,EN SERVICE,TRD,COMPTEUR,ITRON,FLOSTAR,SOFREL,DL4W-S EA,POINT ZM (767093.4862999991 606415.8410999998 0 nan),6.010841143616297,50.25700022459128
CPT-1271,VIELSALM LAGUESPRE R,DL0142,O,Laguespre_R_CM_FT003.F.PV,TGW,55102829,S00229801-B02,Laguespre_R_CM_FT003.F.PV,VIELSALM,VIELSALM LAGUESPRE R,Production,EN SERVICE,TGW,INCONNU,INCONNU,INCONNU,,,POINT ZM (764498.7643000036 609386.7058000006 0 nan),5.975369309853541,50.284216808235975
CPT-1274,VIELSALM PETIT THIER DEP,DL0159,O,Z004057FT1,TGC,55102830,42509956,VIELSALM_CM_FT017,VIELSALM,VIELSALM PETIT THIER DEP,Production,EN SERVICE,TGC,INCONNU,INCONNU,INCONNU,,,POINT ZM (764993.7221999988 611558.9261999987 0 nan),5.982979168951373,50.30364453210846
CPT-1299,LIERNEUX ARBREFONTAINE R DEP ARBREFONTAINE,DL3856,O,Arbrefontai_SP_CM_FT002.F.PV,TGW,55102959,S00196101-B01,Arbrefontai_SP_CM_FT002.F.PV,LIERNEUX,LIERNEUX ARBREFONTAINE SP DEP ARBREFONTAINE,Production,EN SERVICE,TGW,INCONNU,INCONNU,INCONNU,,,POINT ZM (754853.3752999976 611489.241799999 0 nan),5.840644850970028,50.304924326242386
CPT-1303,LIERNEUX ARBREFONTAINE SP DEP FANGE COLAS R,DL5121,O,Arbrefontai_SP_CM_FT003.F.PV,TGW,42500545,S00196101-B01,Arbrefontai_SP_CM_FT003.F.PV,LIERNEUX,LIERNEUX ARBREFONTAINE SP DEP FANGE COLAS R,Production,EN SERVICE,TGW,INCONNU,INCONNU,INCONNU,,,POINT ZM (754849.7756000012 611486.691399999 0 nan),5.840593615391054,50.30490204698268
CPT-1399,ST VITH SCHLIERBACH R300 ARRIVEE,DL5183,O,Schlierbach_R_CM_FT001.F.PV,TGW,S00292401-B01,42500508,Schlierbach_R_CM_FT001.F.PV,SAINT VITH,ST VITH SCHLIERBACH R300 ARRIVEE,Production,EN SERVICE,TGW,INCONNU,INCONNU,INCONNU,,,POINT ZM (778961.5751999989 608334.4701000005 0 nan),6.177882943228326,50.271751895788924
CPT-1415,LIERNEUX AMCOMONT R OUT,DL3406,O,Amcomont_R_CM_FT002.F.PV,TGW,55109405,S00196001-B01,Amcomont_R_CM_FT002.F.PV,LIERNEUX,LIERNEUX AMCOMONT R OUT,Production,EN SERVICE,TGW,INCONNU,INCONNU,INCONNU,,,POINT ZM (752718.931400001 612547.2333999984 0 nan),5.810978312188993,50.31481338238383
CPT-1419,VIELSALM BIHAIN OTTRE,DL0133,O,DL0133_1,TRD,55102843,55102841,VIELSALM_CM_FT007,VIELSALM,VIELSALM BIHAIN OTTRE,Distribution,EN SERVICE,TRD,DEBITMETRE,SIEMENS,MAG8000,SOFREL,LS42,POINT ZM (753572.2599999979 605595.6959999986 0 nan),5.821035795901609,50.25217671165708
CPT-1428,LIERNEUX FALIZE ARBREF,DL0191,O,DL0190_3,TRD,55102959,55102960,LIERNEUX_CM_FT007,LIERNEUX,LIERNEUX FALIZE ARBREF,Distribution,EN SERVICE,TRD,DEBITMETRE,SIEMENS,MAG8000,SOFREL,LS42,POINT ZM (752568.3018999994 609649.7767999992 0 nan),5.808070020667224,50.28879510546953
CPT-1431,STAVELOT PRE MESSIRE,DL0222,O,DL0222_1,TRD,55103155,55103191,STAVELOT_CM_FT009,STAVELOT,STAVELOT PRE MESSIRE,Distribution,EN SERVICE,TRD,DEBITMETRE,ENDRESS HAUSER,PROMAG53,SOFREL,LS42,POINT ZM (761666.491899997 621684.2961000018 0 nan),5.939308814612466,50.395300664026585
CPT-1435,STAVELOT PRISE AMERMONT,DL0217,O,DL0217_1,TRD,55103157,42500523,STAVELOT_CM_FT012,STAVELOT,STAVELOT PRISE AMERMONT,Adduction,EN SERVICE,TRD,DEBITMETRE,ENDRESS HAUSER,PROMAG53,SOFREL,LS42,POINT ZM (761699.5332000032 623531.2758000009 0 nan),5.940326518603832,50.41189570559745
CPT-1471,LIERNEUX BRA VILETTE H,DL5889,N,BraVilette_S_CM_FT001,TGW,55102952,55102952,,,,None,,,,,,,,POINT ZM (749401.4460999966 613993.927099999 0 nan),5.764791682635939,50.328391343051045
CPT-1476,Arrivée RE Pont Village (Ketsch),DL5885,N,,NONE,55302912,55302912,,,,None,,,,,,,,POINT ZM (768692.9017999992 618276.7652000003 0 nan),6.03702304159063,50.36328704672331
CPT-1507,STAVELOT BARONHEID R DEP FRANCORCH,DL3169,O,Baronheid_R_CV_CM_FT004.F.PV,TGW,55103182,S00216101-B01,Baronheid_R_CV_CM_FT004.F.PV,STAVELOT,STAVELOT BARONHEID R DEP FRANCORCH,Production,EN SERVICE,TGW,INCONNU,ENDRESS HAUSER,INCONNU,,,POINT ZM (763251.2793999985 630735.8159000017 0 nan),5.9643444660185,50.47635295821593
CPT-1528,WAIMES ROBERTVILLE ANDRIFOSSE R ARR CUVE DRAIN,DL4493,N,Andrifosse_ST_CM_FT002.F.PV,TGW,S00231601-B01,50/3/7/001,Andrifosse_ST_CM_FT002.F.PV,WAIMES,WAIMES ANDRIFOSSE ST ARR CUVE DRAIN,Production,EN SERVICE,TGW,INCONNU,INCONNU,INCONNU,,,POINT ZM (774798.173299998 629900.1812000014 0 nan),6.126696255110385,50.46648486228998
CPT-1557,MALMEDY LONGFAYE S,DL3404,O,Longfaye_S_CM_FT001.F.PV,TGW,55300046,55302946,Longfaye_S_CM_FT001.F.PV,MALMEDY,MALMEDY LONGFAYE S,Production,EN SERVICE,TGW,INCONNU,INCONNU,INCONNU,,,POINT ZM (771583.1506000012 630560.7928000018 0 nan),6.081638977801982,50.47310153759198
CPT-1558,WAIMES BOTRANGE RT IN,DL3654,O,Botrange_SP_CM_FT001.F.PV,TGW,S00231701-B03,55302404,Botrange_SP_CM_FT001.F.PV,WAIMES,WAIMES BOTRANGE SP IN,Production,EN SERVICE,TGW,INCONNU,INCONNU,INCONNU,,,POINT ZM (773057.9659999982 632963.0232999995 0 nan),6.103204477675237,50.49438298280713
CPT-1570,MALMEDY FLORIHEID HT GRAV,DL2955,O,FloriheidH_SP_CM_FT003.F.PV,TGW,55302943,S00200301-B01,FloriheidH_SP_CM_FT003.F.PV,MALMEDY,MALMEDY FLORIHEID HAUT R DEP GRAV,Production,EN SERVICE,TGW,INCONNU,INCONNU,INCONNU,,,POINT ZM (768015.876699999 623982.8117999993 0 nan),6.029313605188113,50.4147110906504
CPT-1583,SAINT VITH BREITFELD CV,DL6374,O,Breitfeld_CV_CM_FT001.F.PV,TGW,55309455,42500570,Breitfeld_CV_CM_FT001.F.PV,SAINT VITH,ST VITH BREITFELD CV,Adduction,EN SERVICE,TGW,INCONNU,INCONNU,INCONNU,,,POINT ZM (778488.7550999969 607307.6237000003 0 nan),6.1709008265844005,50.26262662637455
CPT-1584,ST VITH WIESENBACH,DL3142,O,DL3142_1,TRD,55302455,Unknown,ST_VITH_CM_FT007,SAINT VITH,ST VITH WIESENBACH,Achat,EN SERVICE,TRD,COMPTEUR,ELSTER,INCONNU,SOFREL,LS42EA,POINT ZM (776265.6952999979 607590.4877000004 0 nan),6.139826062883514,50.26565242018247
CPT-1585,ST VITH SCHLIERBACH R300 DEP SCHLIERBACH SETZ,DL5185,O,Schlierbach_R_CM_FT003.F.PV,TGW,42500569,S00292401-B01,Schlierbach_R_CM_FT003.F.PV,SAINT VITH,ST VITH SCHLIERBACH R300 DEP SCHLIERBACH SETZ,Production,EN SERVICE,TGW,INCONNU,INCONNU,INCONNU,,,POINT ZM (778961.7255999967 608330.6301000006 0 nan),6.1778837331406855,50.27171734924733
CPT-1586,LIERNEUX ARBREFONTAINE SP ARR ARBREFONTAINE,DL3857,O,Arbrefontai_SP_CM_FT001.F.PV,TGW,S00196101-B01,55102959,Arbrefontai_SP_CM_FT001.F.PV,LIERNEUX,LIERNEUX ARBREFONTAINE SP ARR ARBREFONTAINE,Production,EN SERVICE,TGW,INCONNU,INCONNU,INCONNU,,,POINT ZM (754852.3954000026 611488.4616999999 0 nan),5.840630879724292,50.30491748987762
CPT-1590,MALMEDY CHODES ST EAU SERVICE,DL6656,N,Z004204FT4,TGC,S00199701-B01,S00199701-B01,,,,None,,,,,,,,POINT ZM (769369.1347000003 626316.8902999982 0 nan),6.049096579675537,50.43541475760364
CPT-1617,MALMEDY HEDOMONT R DEP VERS HEDOMONT CV,DL4982,O,Hedomont_R_CM_FT003.F.PV,TGW,42500505,S00283301-B01,Hedomont_R_CM_FT003.F.PV,MALMEDY,MALMEDY HEDOMONT R DEP VERS HEDOMONT CV,Production,EN SERVICE,TGW,DEBITMETRE,ENDRESS HAUSER,INCONNU,,,POINT ZM (769943.7123999968 622246.2895000018 0 nan),6.055873223740611,50.39871013638623
CPT-1618,VIELSALM COMMANSTER ACHAT GOUVY DN80,DL5493,O,DL5493_1,TRD,55102827,Unknown,VIELSALM_CM_FT064,VIELSALM,VIELSALM COMMANSTER ACHAT GOUVY DN80,Achat,EN SERVICE,TRD,COMPTEUR,ITRON,FLOSTAR,SOFREL,DL4W-S EA,POINT ZM (767092.7062000036 606417.0810000002 0 nan),6.010830593290771,50.25701152524863
CPT-1626,STAVELOT HOCKAI R ARR HOCKAI VILLAGE,DL3755,O,Hockai_SP_CM_FT001.F.PV,TGW,S00217801-B01,55103180,Hockai_SP_CM_FT001.F.PV,STAVELOT,STAVELOT HOCKAI SP ARR HOCKAI VILLAGE,Production,EN SERVICE,TGW,INCONNU,INCONNU,INCONNU,,,POINT ZM (765799.4909999967 631152.8559999987 0 nan),6.000365928865428,50.479600631110024
CPT-1627,MALMEDY BERNISTER HYDRO,DL2934,O,LesCombes_SP_CM_FT002.F.PV,TGW,55302928,S00199901-B01,LesCombes_SP_CM_FT002.F.PV,MALMEDY,MALMEDY COMBES R REF BERNISTER,Production,EN SERVICE,TGW,INCONNU,INCONNU,INCONNU,,,POINT ZM (764788.3924999982 626000.6409000009 0 nan),5.984534687884747,50.43349154981476
CPT-1645,VIELSALM HOURT R30 ARR DRAIN,DL5139,O,Z004054FT1,TGC,S00229401-B01,56/1/4/001,VIELSALM_CM_FT040,VIELSALM,VIELSALM HOURT DRAIN DEP R30,Production,EN SERVICE,TGC,INCONNU,INCONNU,INCONNU,,,POINT ZM (759966.2920999974 612995.1746999994 0 nan),5.912844899492944,50.317521226140016
CPT-1647,JALHAY MORFAT ARR ADD,DL0242,O,A000217FT1,TGC,001946-B04,55103180,JALHAY_CM_FT010,JALHAY,JALHAY MORFAT ARR ADD,Production,EN SERVICE,TGC,INCONNU,INCONNU,INCONNU,,,POINT ZM (762993.8668000028 631529.4829999991 0 nan),5.96095994998265,50.48353658315634
CPT-1679,VIELSALM GOSSOIN R ARR DRAIN 1,DL5145,O,Z004060FT1,TGC,S00228901-B01,56/1/8/001,VIELSALM_CM_FT045,VIELSALM,VIELSALM GOSSOIN R ARR DRAIN 1,Production,EN SERVICE,TGC,INCONNU,INCONNU,INCONNU,,,POINT ZM (761467.1359999999 609150.3020000011 0 nan),5.93277008338718,50.28267728403118
CPT-1755,MALMEDY CHODES FILTRE 1,DL3815,N,Z004204FT5,TGC,S00199701-B01,S00199701-B01,,,,None,,,,,,,,POINT ZM (769404.4338999987 626316.7846000008 0 nan),6.049593299135921,50.43540658455034
CPT-1757,MALMEDY MONT R2 ARR D (FT2) HS,DL5843,N,,NONE,S00201501-B01,S00201501-B01,,,,None,,,,,,,,POINT ZM (769420.1689999998 630770.8957999982 0 nan),6.051243340040528,50.47543700096975
CPT-1758,MALMEDY CHODES FILTRE 4,DL3818,N,Z004204FT8,TGC,S00199701-B01,S00199701-B01,,,,None,,,,,,,,POINT ZM (769395.2542999983 626315.7234999985 0 nan),6.04946377786593,50.43539892588856
CPT-1759,MALMEDY MONT R2 ARR D (FT1) HS,DL5844,N,,NONE,S00201501-B01,S00201501-B01,,,,None,,,,,,,,POINT ZM (769420.4689999968 630770.9259000011 0 nan),6.051247575062034,50.4754372100528
CPT-1790,VIELSALM HESTREUX ST FILTRATION,DL6673,N,,NONE,S00229301-B01,S00229301-B01,,,,None,,,,,,,,POINT ZM (755500.0239000022 605625.7919999994 0 nan),5.8480701608230765,50.25210289068081
CPT-1844,MALMEDY RECULEMONT CV ARR HEDOMONT,DL5845,N,,,42500632,42500632,,,,None,,,,,,,,POINT ZM (767998.0952999964 620506.1664999984 0 nan),6.027964204839163,50.383466056726036
CPT-1904,JALHAY SART R REFOULEMENT CV0,DL6657,N,,NONE,S00234901-B01,S00234901-B01,,,,None,,,,,,,,POINT ZM (761976.0341000035 633599.8517000005 0 nan),5.947245232186728,50.50234205227059
CPT-1905,STAVELOT ADD SART BYPASS  VERS LODOMEZ R300,DL5926,N,,,42509512,42509512,HTMasta_CV_CM_FT007.F.PV,STAVELOT,STAV AMERMONT CV 21 ADD BYPASS VERS LODOMEZ R,Adduction,EN SERVICE,TGW,DEBITMETRE,ENDRESS HAUSER,INCONNU,,,POINT ZM (762045.9657000005 622976.8960000016 0 nan),5.945032908258204,50.40684631965406
CPT-1993,VIELSALM  ZI CASERNE CHASSEURS ARDENNAIS,DL6859,N,,NONE,55102833,55102833,,,,None,,,,,,,,POINT ZM (759369.8998000026 609795.5929999985 0 nan),5.903538195553045,50.2888733736071
CPT-2003,JALHAY HOURT R FILTRATION,DL6677,N,Z004054FT4,TGC,S00229401-B01,S00229401-B01,,,,None,,,,,,,,POINT ZM (759963.4624999985 612991.624400001 0 nan),5.9128041336924095,50.317489846321564
CPT-2169,LIERNEUX TRIXHEUFOSSE R80 ARR REGNE DRAIN,DL5131,O,Trixheufoss_ST_CM_FT002.F.PV,TGW,S00197401-B01,55/8/1/002-55/8/1/005,Trixheufoss_ST_CM_FT002.F.PV,LIERNEUX,LIERNEUX TRIXHEUFOSSE ST ARR REGNE,Production,EN SERVICE,TGW,INCONNU,INCONNU,INCONNU,,,POINT ZM (751583.1347000003 608350.8158 0 nan),5.793895654348947,50.27729089567475
CPT-2194,JALHAY CRAMA R DEP WAYAI,DL0243,O,Crama_R_CM_FT003.F.PV,TGW,55103414,S00194001-B01,Crama_R_CM_FT003.F.PV,JALHAY,JALHAY CRAMA R DEP WAYAI,Production,EN SERVICE,TGW,DEBITMETRE,ENDRESS HAUSER,INCONNU,,,POINT ZM (762500.0692000017 634059.8979999982 0 nan),5.954769765950219,50.50637605591022
CPT-2196,STAV AMERMONT PRISE DN250 BYPASS VERS HTE LEVEE R,DL4953,O,DL4952_3,TRD,42500523,42509512,HTMasta_CV_CM_FT005.F.PV,STAVELOT,STAV AMERMONT CV 21 BYPASS VERS HTE LEVEE R,Adduction,EN SERVICE,TGW,DEBITMETRE,ENDRESS HAUSER,INCONNU,,,POINT ZM (762040.5353000015 622980.9052000009 0 nan),5.944957736185235,50.40688339840958
CPT-2197,STAVELOT VX CHATEAU R ARR ADD,DL4955,O,Stavelot_R_CM_FT001.F.PV,TGW,S00220101-B01,42509512,Stavelot_R_CM_FT001.F.PV,STAVELOT,STAVELOT VX CHATEAU R ARR ADD,Production,EN SERVICE,TGW,DEBITMETRE,ENDRESS HAUSER,PROMAG400,,,POINT ZM (762160.2805999964 621138.2943999991 0 nan),5.946087968177079,50.39029832076868
CPT-2199,LIERNEUX BANEUX ST ARR DEP JEVIGNE,DL3467,O,Baneux_ST_CM_FT001.F.PV,TGW,55102964,S00196201-B01,Baneux_ST_CM_FT001.F.PV,LIERNEUX,LIERNEUX BANEUX ST DEP JEVIGNE,Production,EN SERVICE,TGW,INCONNU,INCONNU,INCONNU,,,POINT ZM (748850.862999998 608825.2991999984 0 nan),5.755695157826673,50.28202427916603
CPT-2257,LIERNEUX TROU DE BRA,DL0132,O,DL0132_1,TRD,55102954,55102953,LIERNEUX_CM_FT004,LIERNEUX,LIERNEUX TROU DE BRA,Distribution,EN SERVICE,TRD,DEBITMETRE,SIEMENS,MAG8000,SOFREL,LS42,POINT ZM (747426.8967000023 614379.5478000008 0 nan),5.737165194337432,50.33219038536823
CPT-2294,VIELSALM FRAITURE ST ARR FRAITURE SP,DL5208,O,Fraiture_ST_CM_FT001.F.PV,TGW,S00228401-B01,42500572,Fraiture_ST_CM_FT001.F.PV,VIELSALM,VIELSALM FRAITURE ST ARR FRAITURE SP,Production,EN SERVICE,TGW,INCONNU,INCONNU,INCONNU,,,POINT ZM (748162.2334000021 604901.0599000007 0 nan),5.745007175250832,50.24686529260268
CPT-2401,VIELSALM BEAUFAYS V D BOIS,DL0156,O,DL0156_1,TRD,55102831,55102828,VIELSALM_CM_FT015,VIELSALM,VIELSALM BEAUFAYS V D BOIS,Distribution,EN SERVICE,TRD,DEBITMETRE,ENDRESS HAUSER,INCONNU,SOFREL,LS42,POINT ZM (762686.7528999969 610567.6570000015 0 nan),5.950304846302197,50.295183544392515
CPT-2540,STAVELOT BARONHEID R DEP STER FRANCORCHAMPS R,DL4468,O,Baronheid_R_CV_CM_FT002.F.PV,TGW,42500517,42509512,Baronheid_R_CV_CM_FT002.F.PV,STAVELOT,STAVELOT BARONHEID R DEP STER FRANCORCHAMPS R,Production,EN SERVICE,TGW,INCONNU,ENDRESS HAUSER,INCONNU,,,POINT ZM (763254.2400000021 630730.5863000005 0 nan),5.9643845739485455,50.476305378071245
CPT-2561,WAIMES BOTRANGE INFERIEUR R200SP ARR CUVE DRAINS,DL4478,N,Botrange_ST_CM_FT005.F.PV,TGW,S00231701-B01,50/2/6/002-50/2/6/005,Botrange_ST_CM_FT005.F.PV,WAIMES,WAIMES BOTRANGE INF ST ARR DRAIN,Production,EN SERVICE,TGW,INCONNU,INCONNU,INCONNU,,,POINT ZM (773546.8769000024 632217.1827000007 0 nan),6.109845374618337,50.4875760839497
CPT-2562,WAIMES PRISE RUE BOTRANGE ,DL3636,O,DL3636_1,TRD,55301000,42500519,WAIMES_CM_FT019,WAIMES,WAIMES PRISE RUE BOTRANGE,Adduction,EN SERVICE,TRD,DEBITMETRE,SIEMENS,MAG8000,SOFREL,LS42,POINT ZM (773861.6762999967 631016.7254999988 0 nan),6.113880501765659,50.476719808214725
CPT-2563,WAIMES SP LAC ARR GALERIE,DL5853,N,Robertville_ST_CM_FT001.F.PV,TGW,S00232101-B01,50/3/7/002,,,,None,,,,,,,,POINT ZM (774244.8792999983 628788.692499999 0 nan),6.118534089333085,50.456613139031816
CPT-2565,WAIMES BOTRANGE INFERIEUR R200SP ARR PUITS,DL4481,O,Botrange_ST_CM_FT001.F.PV,TGW,S00231701-B01,42500628,Botrange_ST_CM_FT001.F.PV,WAIMES,WAIMES BOTRANGE INF ST ARR PUITS,Production,EN SERVICE,TGW,INCONNU,INCONNU,INCONNU,SOFREL,DL4W-S,POINT ZM (773566.8057999983 632223.4450999983 0 nan),6.110128211354869,50.48762814502298
CPT-2574,STAVELOT ACHAT TROIS PONTS,DL0224,O,DL0224_1,TRD,55103165,Unknown,STAVELOT_CM_FT013,STAVELOT,STAVELOT ACHAT TROIS PONTS,Achat,EN SERVICE,TRD,COMPTEUR,SENSUS,MEISTREAM,SOFREL,LS42EA,POINT ZM (757362.5786999986 619967.3341999985 0 nan),5.8782955106993295,50.38067524051293
CPT-2577,VIELSALM GOLONFA R ARR P1,DL6674,N,,NONE,S00228501-B01,56/1/7/005,,,,None,,,,,,,,POINT ZM (760530.9522999972 611169.8132000007 0 nan),5.920232962413691,50.30100739969566
CPT-2580,STAVELOT ROUTE TROIS PONTS,DL0220,O,GrandPrez_S_CM_FT002.F.PV,TGW,55103189,55103190,GrandPrez_S_CM_FT002.F.PV,STAVELOT,STAVELOT ROUTE TROIS PONTS,Production,EN SERVICE,TGW,INCONNU,INCONNU,INCONNU,,,POINT ZM (760683.3549999967 621308.5287000015 0 nan),5.925373192934557,50.39211035869873
CPT-2600,VIELSALM GORONNE RENCH,DL0153,O,DL0153_1,TRD,55102833,55102825,VIELSALM_CM_FT006,VIELSALM,VIELSALM GORONNE RENCH,Distribution,EN SERVICE,TRD,DEBITMETRE,SIEMENS,MAG8000,SOFREL,LS42,POINT ZM (757193.4104000032 609336.9732999988 0 nan),5.872870815307409,50.28515391448567
CPT-2604,STAVELOT DAIROMONT H,DL0160,O,Z004293FT1,TGC,55102817,55/4/3/001,STAVELOT_CM_FT002,STAVELOT,STAVELOT DAIROMONT H,Production,EN SERVICE,TGC,INCONNU,INCONNU,INCONNU,,,POINT ZM (756525.4846000001 615387.362399999 0 nan),5.865222337506195,50.33966095632175
CPT-2686,LIERNEUX LES SARTS,DL0194,O,DL0194_1,TRD,55102956,55102846,LIERNEUX_CM_FT009,LIERNEUX,LIERNEUX LES SARTS,Distribution,EN SERVICE,TRD,DEBITMETRE,SIEMENS,MAG8000,SOFREL,LS42,POINT ZM (755772.9540999979 607097.4021000005 0 nan),5.852311354580246,50.26528158245004
CPT-2701,MALMEDY ALBERT 1ER TOURISME,DL2974,O,DL2974_1,TRD,55302936,55302945,MALMEDY_CM_FT015,MALMEDY,MALMEDY ALBERT 1ER TOURISME,Distribution,EN SERVICE,TRD,DEBITMETRE,SIEMENS,MAG8000,SOFREL,LS42,POINT ZM (767984.3931000009 625174.3099000007 0 nan),6.029247766195111,50.425426791885855
CPT-2706,STAVELOT HOUVEGNEZ,DL0219,O,A000136FT1,TGC,55103167,42500549,STAVELOT_CM_FT004,STAVELOT,STAVELOT HOUVEGNEZ,Production,EN SERVICE,TGC,INCONNU,INCONNU,INCONNU,,,POINT ZM (766011.250500001 616472.4609000012 0 nan),5.998781908085702,50.34760805671583
CPT-2708,STAVELOT RIVAGE HAUT R DEP RIVAGE MOYEN R,DL4962,O,Rivage_Haut_R_CM_FT002.F.PV,TGW,55100527,S00218801-B01,Rivage_Haut_R_CM_FT002.F.PV,STAVELOT,STAVELOT RIVAGE HAUT R DEP RIVAGE MOYEN R,Production,EN SERVICE,TGW,DEBITMETRE,ENDRESS HAUSER,PROMAG400,,,POINT ZM (763590.0595000014 625024.1519999988 0 nan),5.967373570507569,50.42494917704215
CPT-2709,STAVELOT RIVAGE HAUT R VERS MALMEDY COMBES R,DL4964,O,Rivage_Haut_R_CM_FT003.F.PV,TGW,42500528,42500526,Rivage_Haut_R_CM_FT003.F.PV,STAVELOT,STAVELOT RIVAGE HAUT R VERS MALMEDY COMBES R,Production,EN SERVICE,TGW,DEBITMETRE,ENDRESS HAUSER,PROMAG400,,,POINT ZM (763594.9289999977 625028.1425999999 0 nan),5.967443300138809,50.42498409757895
CPT-2712,STAVELOT DEP WAVREUMONT,DL3471,O,Wavreumont_CV_CM_FT001.F.PV,TGW,55103192,42500524,Wavreumont_CV_CM_FT001.F.PV,STAVELOT,STAVELOT DEP WAVREUMONT,Production,EN SERVICE,TGW,INCONNU,INCONNU,INCONNU,,,POINT ZM (763983.690700002 622961.2716999985 0 nan),5.972281276557423,50.40633065107527
CPT-2800,MALMEDY WINBORU R DEP MONBIJOU,DL3578,O,Wimboru_R_CM_FT002.F.PV,TGW,42500532,S00296201-B01,Wimboru_R_CM_FT002.F.PV,MALMEDY,MALMEDY WINBORU R DEP MONBIJOU,Production,EN SERVICE,TGW,INCONNU,INCONNU,INCONNU,,,POINT ZM (769196.4239000008 625857.4144000001 0 nan),6.046519118141409,50.43132027014186
CPT-2802,MALMEDY HEDOMONT CV VERS HEDOMONT,DL2887,O,DL2887_1,TRD,55302933,42500505,MALMEDY_CM_FT026,MALMEDY,MALMEDY HEDOMONT CV VERS HEDOMONT,Adduction,EN SERVICE,TRD,DEBITMETRE,SIEMENS,MAG8000,SOFREL,LS42,POINT ZM (769078.6230000034 622641.3040000014 0 nan),6.043834560238408,50.40243763550869
CPT-2803,MALMEDY MONBIJOU,DL2874,O,Z004303FT1,TGC,55302952,42500532,MALMEDY_CM_FT011,MALMEDY,MALMEDY MONBIJOU,Adduction,EN SERVICE,TGC,INCONNU,INCONNU,INCONNU,,,POINT ZM (769412.2721000016 624583.1645000018 0 nan),6.049148252453756,50.41982309718879
CPT-2804,MALMEDY MONT R DEP,DL2907,O,MalmedyMont_R_CM_FT003.F.PV,TGW,55302947,S00201501-B01,MalmedyMont_R_CM_FT003.F.PV,MALMEDY,MALMEDY MONT R DEP,Production,EN SERVICE,TGW,INCONNU,INCONNU,INCONNU,,,POINT ZM (769418.9892000034 630769.5557000004 0 nan),6.051226292930562,50.47542519784881
CPT-2809,MALMEDY ST QUIRIN ZONING,DL2971,O,DL2971_1,TRD,55302936,55302953,MALMEDY_CM_FT018,MALMEDY,MALMEDY ST QUIRIN ZONING,Distribution,A L ARRET,TRD,DEBITMETRE,SIEMENS,MAG8000,SOFREL,LS42,POINT ZM (767505.7779000029 625095.9717000015 0 nan),6.022489050152193,50.42481925358603
CPT-2879,VIELSALM HESTREUX R ARR D1,DL3646,O,Hestreux_ST_CM_FT001.F.PV,TGW,S00229301-B01,55/8/3/001,Hestreux_ST_CM_FT001.F.PV,VIELSALM,VIELSALM HESTREUX ST ARR D1,Production,EN SERVICE,TGW,INCONNU,INCONNU,INCONNU,,,POINT ZM (755499.8444999978 605620.4521000013 0 nan),5.8480661444852995,50.252054923842344
CPT-2881,VIELSALM HESTREUX R DEP,DL0189,O,Hestreux_ST_CM_FT003.F.PV,TGW,55102846,S00229301-B01,Hestreux_ST_CM_FT003.F.PV,VIELSALM,VIELSALM HESTREUX ST DEP,Production,EN SERVICE,TGW,INCONNU,INCONNU,INCONNU,,,POINT ZM (755500.2040000036 605624.8621000014 0 nan),5.848072424258769,50.252094499550644
CPT-2924,MANHAY VAUX CHAVANNE R IN,DL6441,O,DL5110_3,TRD,S00203202-B01,42500638,MANHAY_CM_FT004,MANHAY,MANHAY VAUX CHAVANNE R IN,Production,EN SERVICE,TRD,DEBITMETRE,SIEMENS,MAG8000CT,SOFREL,DL4W-S,POINT ZM (745239.1489999965 610498.2833000012 0 nan),5.705453392777873,50.297662442673726
CPT-2955,MALMEDY WARCHENNE R DEP VAL D ARIMONT,DL4974,O,DL4974_1,TRD,55300501,50/6/2/006,MALMEDY_CM_FT045,MALMEDY,MALMEDY WARCHENNE R OUT,Production,EN SERVICE,TRD,COMPTEUR,DIEHL METERING,INCONNU,SOFREL,DL4W-S,POINT ZM (770865.8518000022 625329.9272000007 0 nan),6.0698391901967765,50.42623580816844
CPT-2956,MALMEDY ARIMONT VERS ARIMONT,DL2964,O,DL2964_1,TRD,55302930,S00198801-B02,MALMEDY_CM_FT028,MALMEDY,MALMEDY ARIMONT VERS ARIMONT,Distribution,EN SERVICE,TRD,DEBITMETRE,SIEMENS,MAG8000,SOFREL,LS42,POINT ZM (770853.5019000024 623548.9560000002 0 nan),6.069088290623075,50.41023096411663
CPT-2991,MALMEDY PONT DE WARCHE CV GRAND,DL6865,O,PontWarche_CV_CM_FT001.F.PV,TGW,55302953,42500524,PontWarche_CV_CM_FT001.F.PV,MALMEDY,MALMEDY PONT DE WARCHE CV GRAND,Adduction,EN SERVICE,TGW,DEBITMETRE,,,,,POINT ZM (766171.4751999974 624311.7642999999 0 nan),6.003471434903766,50.418037820791184
CPT-2996,MALMEDY COMBES R ARR STAVELOT RIVAGE HAUT R,DL4965,O,LesCombes_SP_CM_FT001.F.PV,TGW,S00199901-B01,42500528,LesCombes_SP_CM_FT001.F.PV,MALMEDY,MALMEDY COMBES R ARR RIVAGE HAUT R,Production,EN SERVICE,TGW,INCONNU,INCONNU,INCONNU,,,POINT ZM (764787.8625999987 625999.5108999982 0 nan),5.98452688281096,50.43348149738871
CPT-2997,MALMEDY COMBES GRAV,DL2935,O,LesCombes_SP_CM_FT003.F.PV,TGW,55302926,S00199901-B01,LesCombes_SP_CM_FT003.F.PV,MALMEDY,MALMEDY COMBES R DEP GRAV,Production,EN SERVICE,TGW,INCONNU,INCONNU,INCONNU,,,POINT ZM (764783.0732999966 625993.9002999999 0 nan),5.984457757640007,50.433432010435155
CPT-3032,LIERNEUX FANGE COLAS SP DEP DEVANT LE BOIS,DL3768,O,FangeColas_SP_CM_FT002.F.PV,TGW,55102966,S00196901-B01,FangeColas_SP_CM_FT002.F.PV,LIERNEUX,LIERNEUX FANGE COLAS SP DEP DEVANT LE BOIS,Production,EN SERVICE,TGW,DEBITMETRE,,INCONNU,,,POINT ZM (754943.8797999993 611698.9809999987 0 nan),5.841973861075736,50.30679337779136
CPT-3130,ST VITH LOMMERSWEILER R ARR LOMMERSWEILER SP,DL5215,O,Lommersweil_R_CM_FT001.F.PV,TGW,S00221101-B01,42500570,Lommersweil_R_CM_FT001.F.PV,SAINT VITH,ST VITH LOMMERSWEILER R ARR LOMMERSWEILER SP,Production,EN SERVICE,TGW,INCONNU,INCONNU,INCONNU,,,POINT ZM (778094.7237000018 605377.6242999993 0 nan),6.164717957021124,50.24536623184506
CPT-3153,VIELSALM GOSSOIN R ARR GOSSOIN 2,DL5146,O,Z004060FT2,TGC,S00228901-B01,56/1/8/001,VIELSALM_CM_FT046,VIELSALM,VIELSALM GOSSOIN R ARR DRAIN 2 BYPASS,Production,EN SERVICE,TGC,INCONNU,INCONNU,INCONNU,,,POINT ZM (761464.9457999989 609151.7217000015 0 nan),5.932739781459079,50.28269046232169
CPT-3208,JALHAY SART R1250 DEP SURPRESSE,DL4451,O,Wayai_SP_CM_FT003.F.PV,TGW,42500512,S00234901-B01,Wayai_SP_CM_FT003.F.PV,JALHAY,JALHAY SART WAYAI SP DEP SURPRESSE,Production,EN SERVICE,TGW,INCONNU,INCONNU,INCONNU,,,POINT ZM (761976.1846999973 633594.7716999985 0 nan),5.947245823202487,50.502296363130114
CPT-3223,LIERNEUX TRIXHEUF DEP,DL0188,O,Trixheufoss_ST_CM_FT005.F.PV,TGW,55102960,S00197401-B01,Trixheufoss_ST_CM_FT005.F.PV,LIERNEUX,LIERNEUX TRIXHEUFOSSE ST OUT,Production,EN SERVICE,TGW,INCONNU,INCONNU,INCONNU,,,POINT ZM (751562.8655999973 608344.5932999998 0 nan),5.793609655315124,50.277238482798055
CPT-3253,VIELSALM HERMAMONT,DL0143,O,DL0143_1,TRD,55102831,55102829,VIELSALM_CM_FT009,VIELSALM,VIELSALM HERMAMONT,Distribution,EN SERVICE,TRD,DEBITMETRE,SIEMENS,MAG8000,SOFREL,LS42,POINT ZM (760904.6809 609848.6383000016 0 nan),5.925086589854387,50.28906120621408
CPT-3255,STAVELOT RENARDMONT SP ARR SOUS WERI,DL3439,O,Renardmont_SP_CM_FT002.F.PV,TGW,S00218501-B01,55104190,Renardmont_SP_CM_FT002.F.PV,STAVELOT,STAVELOT RENARDMONT SP ARR SOUS WERI,Production,EN SERVICE,TGW,DEBITMETRE,INCONNU,INCONNU,,,POINT ZM (759561.1247000024 621674.3687000014 0 nan),5.909701622966855,50.3956104242834
CPT-3284,MALMEDY FLORIHEID BAS R ARR PREAIX SP,DL4978,O,DL4978_1,TRD,S00200201-B01,42500503,MALMEDY_CM_FT059,MALMEDY,MALMEDY FLORIHEID BAS R IN,Production,EN SERVICE,TRD,INCONNU,INCONNU,INCONNU,SOFREL,DL4W-S,POINT ZM (768588.2895999998 624434.7419999987 0 nan),6.037509199342352,50.418657068377776
CPT-3285,MALMEDY WINBORU R DEP CROIX DE CHODES,DL3579,O,Wimboru_R_CM_FT003.F.PV,TGW,42500529,S00296201-B01,Wimboru_R_CM_FT003.F.PV,MALMEDY,MALMEDY WINBORU R DEP CROIX DE CHODES,Production,EN SERVICE,TGW,INCONNU,INCONNU,INCONNU,,,POINT ZM (769196.1838999987 625857.1143000014 0 nan),6.046515645016922,50.431317621851186
CPT-3286,STAVELOT STER R OUT,DL0226,O,Ster_R_CM_FT002.F.PV,TGW,55103184,S00217202-B01,Ster_R_CM_FT002.F.PV,STAVELOT,STAVELOT STER R OUT,Production,EN SERVICE,TGW,DEBITMETRE,ENDRESS HAUSER,INCONNU,,,POINT ZM (765389.6224000007 629875.0639999993 0 nan),5.994196123982648,50.46819694629176
CPT-3309,ST VITH SCHLIERBACH R300 DEP LOMMERSWEILER,DL5189,O,Schlierbach_R_CM_FT002.F.PV,TGW,42500570,S00292401-B01,Schlierbach_R_CM_FT002.F.PV,SAINT VITH,ST VITH SCHLIERBACH R300 DEP LOMMERSWEILER,Production,EN SERVICE,TGW,INCONNU,INCONNU,INCONNU,,,POINT ZM (778961.8854999989 608332.0300999992 0 nan),6.177886456502203,50.271729897059245
CPT-3338,VIELSALM GORONNE HAUT R IN,DL5130,O,DL5130_1,TRD,S00228801-B01,55102825,VIELSALM_CM_FT029,VIELSALM,VIELSALM GORONNE HAUT R IN,Production,EN SERVICE,TRD,COMPTEUR,ITRON,FLOSTAR,SOFREL,DL4W-S,POINT ZM (755830.4447999969 608898.2126000002 0 nan),5.85362587221588,50.28145821521736
CPT-3347,VIELSALM HESTREUX R ARR D2,DL3647,O,Hestreux_ST_CM_FT002.F.PV,TGW,S00229301-B01,55/8/3/007,Hestreux_ST_CM_FT002.F.PV,VIELSALM,VIELSALM HESTREUX ST ARR D2,Production,EN SERVICE,TGW,INCONNU,INCONNU,INCONNU,,,POINT ZM (755500.324500002 605620.8520999998 0 nan),5.848072986190634,50.25205843282789
CPT-3352,MALMEDY AL GOFFE BOUSSIRE S DEP RECRA,DL2944,O,AlGofBoussir_S_CM_FT003.F.PV,TGW,55302935,S00198901-B01,AlGofBoussir_S_CM_FT003.F.PV,MALMEDY,MALMEDY AL GOFFE BOUSSIRE S DEP RECRA,Production,EN SERVICE,TGW,INCONNU,INCONNU,INCONNU,,,POINT ZM (770116.9566999972 626592.3682000004 0 nan),6.059709183620451,50.437737283473915
CPT-3354,MALMEDY MONT R ARR HOCKAI,DL3685,O,MalmedyMont_R_CM_FT001.F.PV,TGW,S00201501-B01,55109180,MalmedyMont_R_CM_FT001.F.PV,MALMEDY,MALMEDY MONT R ARR HOCKAI,Production,EN SERVICE,TGW,INCONNU,INCONNU,INCONNU,,,POINT ZM (769419.1389999986 630771.8456999995 0 nan),6.0512291378987495,50.47544574965565
CPT-3378,VIELSALM GOLONFA R ARR ,DL7094,N,Golonfa_R_CM_FT003,TGW,S00228501-B01,S00228501-B01,,,,None,,,,,,,,POINT ZM (760538.1127000004 611165.6941 0 nan),5.920332231768398,50.30096902161149
CPT-3424,STAVELOT FRANCORCHAMPS HOTEL DE LA SOURCE,DL6913,N,,NONE,42509512,42509512,,,,None,,,,,,,,POINT ZM (762997.6596999988 627487.3471999988 0 nan),5.959785731623176,50.447204133440394
CPT-3487,MALMEDY CHODES FILTRE 2,DL3816,N,Z004204FT6,TGC,S00199701-B01,S00199701-B01,,,,None,,,,,,,,POINT ZM (769401.5141000003 626316.3542000018 0 nan),6.049552071907476,50.43540331363139
CPT-3488,MALMEDY CHODES REACTIF ET REMINERALISATION,DL3821,N,,,S00199701-B01,S00199701-B01,,,,None,,,,,,,,POINT ZM (769370.4861000031 626304.7906000018 0 nan),6.049111721503008,50.43530572839096
CPT-3489,MALMEDY WINBORU R DEP AL GOFFE BOUSSIRE,DL6824,N,Wimboru_R_CM_FT004.F.PV,TGW,S00296201-B01,S00296201-B01,,,,None,,,,,,,,POINT ZM (769194.5940999985 625856.2241000012 0 nan),6.046492989531773,50.431309945439224
CPT-3491,MALMEDY PONT VILLAGE R DEP ST DONAT,DL5946,N,,,55302912,55302912,,,,None,,,,,,,,POINT ZM (768693.800999999 618282.8552000001 0 nan),6.03703761051252,50.36334160205907
CPT-3492,MALMEDY AISANCE ARIMONT R OUT,DL5841,N,,,S00198801-B02,S00198801-B02,,,,None,,,,,,,,POINT ZM (771104.3365999982 623869.5025000013 0 nan),6.0727203623992745,50.41306006207435
CPT-3516,VIELSALM HESTREUX ST LAVAGE,DL6672,N,Hestreux_ST_CM_FT005.F.PV,TGW,S00229301-B01,S00229301-B01,,,,None,,,,,,,,POINT ZM (755497.9742000028 605623.7217999995 0 nan),5.848040843491811,50.25208465159143
CPT-3601,LIERNEUX TRIXHEUFOSSE R LAVAGE,DL6681,N,,NONE,S00197401-B01,S00197401-B01,,,,None,,,,,,,,POINT ZM (751565.4756999984 608343.6136999987 0 nan),5.793646001411481,50.277229223987646
CPT-3603,LIERNEUX TRIXHEUFOSSE R FILTRE,DL6682,N,,NONE,S00197401-B01,S00197401-B01,,,,None,,,,,,,,POINT ZM (751570.6665000021 608336.3944000006 0 nan),5.793716855553151,50.277163429004624
CPT-3631,JALHAY AVENUE JOSEPH JONGEN,DL5918,N,,NONE,42500512,42500512,,,,None,,,,,,,,POINT ZM (762374.7050999999 633309.1906999983 0 nan),5.952775755124656,50.49965274461848
CPT-3633,STAVELOT ADD SART DN600  VERS LODOMEZ R300,DL5925,N,,,42509512,42509512,HTMasta_CV_CM_FT004.F.PV,STAVELOT,STAV AMERMONT CV 21 ADD VERS LODOMEZ R,Adduction,EN SERVICE,TGW,DEBITMETRE,ENDRESS HAUSER,INCONNU,,,POINT ZM (762047.7853000015 622979.8460999988 0 nan),5.945059386540339,50.4068724868766
CPT-3646,LIERNEUX ROUTE DE BANNEUX REF,DL5907,N,,,55102964,55102964,,,,None,,,,,,,,POINT ZM (749266.9285999984 609955.6805999987 0 nan),5.761831481126336,50.292114725893356
CPT-3726,WAIMES ANDRIFOSSE,DL2864,N,,NONE,42500519,42500519,,,,None,,,,,,,,POINT ZM (774798.5420000032 629911.3911999986 0 nan),6.126705205241766,50.466585536503075
CPT-3739,VIELSALM GOLONFA R FILTRATION,DL6675,N,,NONE,S00228501-B01,S00228501-B01,,,,None,,,,,,,,POINT ZM (760532.3022999987 611169.9633999988 0 nan),5.920251951844646,50.30100849462887
CPT-3757,VIELSALM OTRE H,DL6688,N,,NONE,55102843,55102843,,,,None,,,,,,,,POINT ZM (754615.249499999 604710.0918000005 0 nan),5.8354109635291955,50.24403066069151
CPT-3793,STAVELOT SOMAGNE HAUT R REF,DL5909,N,,,55103166,55103166,,,,None,,,,,,,,POINT ZM (761755.2594000027 619714.8372000009 0 nan),5.939967346205114,50.37758138059712
CPT-3904,STAVELOT AMERMONT PRISE DN150 VERS HAUTE LEVEE R,DL4952,O,DL4952_1,TRD,42500523,42509512,HTMasta_CV_CM_FT006.F.PV,STAVELOT,STAV AMERMONT CV21 VERS HAUTE LEVEE R,Adduction,EN SERVICE,TGW,DEBITMETRE,ENDRESS HAUSER,INCONNU,,,POINT ZM (762042.7056000009 622977.8654999994 0 nan),5.944987347459965,50.406855659794935
CPT-3908,LIERNEUX BANEUX BAS R20 ARR DRAIN,DL5113,N,Baneux_ST_CM_FT002.F.PV,TGW,S00196201-B01,55/3/9/003,Baneux_ST_CM_FT002.F.PV,LIERNEUX,LIERNEUX BANEUX ST ARR DRAIN,Production,EN SERVICE,TGW,INCONNU,INCONNU,INCONNU,,,POINT ZM (748849.6731999964 608823.6290999986 0 nan),5.755678026112161,50.2820094678588
CPT-3961,LIERNEUX VILETTE,DL2501,O,DL2501_1,TRD,55102952,55102953,LIERNEUX_CM_FT003,LIERNEUX,LIERNEUX VILETTE,Distribution,EN SERVICE,TRD,DEBITMETRE,SIEMENS,MAG8000,SOFREL,LS42,POINT ZM (746825.1530999988 613167.1295999996 0 nan),5.7284007067787694,50.32139206160788
CPT-3999,VIELSALM GRAV FRAITURE VILLAGE,DL0149,O,Fraiture_ST_CM_FT003.F.PV,TGW,55102839,S00228401-B01,Fraiture_ST_CM_FT003.F.PV,VIELSALM,VIELSALM FRAITURE R125 DEP GRAV FRAITURE VILLAGE,Production,EN SERVICE,TGW,INCONNU,INCONNU,INCONNU,,,POINT ZM (748160.8935000002 604900.2498000003 0 nan),5.744988180414753,50.24685823540811
CPT-4006,VIELSALM FRAITURE SP ARR DRAIN E2,DL5202,N,Fraiture_SP_CM_FT001.F.PV,TGW,S00228401-B02,55/7/3/002,,,,None,,,,,,,,POINT ZM (748150.3025000021 605767.8192999996 0 nan),5.745066729337423,50.254658612890836
CPT-4105,JALHAY VECQUEE R ARR WAYAI SP,DL6467,O,Vecquee_R_CM_FT001.F.PV,TGW,003005-B01,42500512,Vecquee_R_CM_FT001.F.PV,JALHAY,JALHAY VECQUEE R ARR WAYAI SP,Production,EN SERVICE,TGW,INCONNU,INCONNU,INCONNU,,,POINT ZM (762824.4025999978 630900.3986000009 0 nan),5.958381758358125,50.47791506670568
CPT-4107,STAVELOT PRISE ADD ROUTE DU CIRCUIT,DL3466,O,DL3466_1,TRD,55103183,42509512,Baronheid_R_CV_CM_FT006.F.PV,STAVELOT,STAVELOT PRISE ADD ROUTE DU CIRCUIT,Adduction,EN SERVICE,TGW,DEBITMETRE,ENDRESS HAUSER,INCONNU,,,POINT ZM (762792.1809 628075.5465000011 0 nan),5.957071505650756,50.452530814245286
CPT-4227,WAIMES SOURBRODT P,DL3038,O,DL3038_1,TRD,55302402,42500519,WAIMES_CM_FT008,WAIMES,WAIMES SOURBRODT PRISE RUE HAUTE,Distribution,EN SERVICE,TRD,DEBITMETRE,SIEMENS,MAG8000,SOFREL,LS42,POINT ZM (773942.7820999995 631863.9954999983 0 nan),6.115305132152629,50.484317667236816
CPT-4229,WAIMES BOTRANGE RES HT,DL3037,O,Botrange_ST_CM_FT003.F.PV,TGW,55302404,S00231701-B01,Botrange_ST_CM_FT003.F.PV,WAIMES,WAIMES BOTRANGE INF ST DEP RESEAU,Production,EN SERVICE,TGW,INCONNU,INCONNU,INCONNU,,,POINT ZM (773574.2158000022 632222.1959999986 0 nan),6.110232187604732,50.487615347548726
CPT-4230,WAIMES CHAMPAGNE R100 ARRIVEE DRAIN D1,DL5852,N,,,S00231801-B01,50/7/1/002,,,,None,,,,,,,,POINT ZM (775377.2902000025 626739.3013999984 0 nan),6.133787129353523,50.437951339545066
CPT-4237,VIELSALM MONT LE SOIE R,DL0164,O,DL0164_1,TRD,55102822,55102829,VIELSALM_CM_FT012,VIELSALM,VIELSALM MONT LE SOIE R,Production,EN SERVICE,TRD,COMPTEUR,ELSTER,INCONNU,SOFREL,LS42,POINT ZM (760640.990199998 613308.6638999991 0 nan),5.922409164198786,50.32021173390502
CPT-4238,STAVELOT GRANDPREZ SP SWERI,DL0221,O,GrandPrez_S_CM_FT001.F.PV,TGW,55103190,55103155,GrandPrez_S_CM_FT001.F.PV,STAVELOT,STAVELOT GRANDPREZ SP SWERI,Production,EN SERVICE,TGW,DEBITMETRE,INCONNU,INCONNU,,,POINT ZM (760684.5348000005 621310.5687999986 0 nan),5.925390386434855,50.39212847229681
CPT-4239,VIELSALM DEP BECHE,DL0155,O,Z004059FT4,TGC,55102834,55102847,VIELSALM_CM_FT066,VIELSALM,VIELSALM DEP BECHE,Production,EN SERVICE,TGC,INCONNU,INCONNU,INCONNU,,,POINT ZM (759851.9244000018 607128.5245999992 0 nan),5.909519563784491,50.264809831337416
CPT-4241,VIELSALM HOURT R OUT,DL0163,O,Z004054FT2,TGC,55102820,S00229401-B01,JALHAY_CM_FT007,VIELSALM,VIELSALM HOURT R OUT,Production,EN SERVICE,TGC,INCONNU,INCONNU,INCONNU,,,POINT ZM (759958.8624000028 612992.8438000008 0 nan),5.912739914269925,50.31750167221368
CPT-4242,VIELSALM BECHE ARR LAGUESPRE,DL3449,O,Z004059FT2,TGC,S00230501-B01,55102847,VIELSALM_CM_FT021,VIELSALM,VIELSALM BECHE ARR LAGUESPRE,Distribution,EN SERVICE,TGC,INCONNU,INCONNU,INCONNU,,,POINT ZM (759840.2243999988 607129.5731999986 0 nan),5.909355804217112,50.26482145278177
CPT-4252,VIELSALM MONT R50 ARR DRAIN,DL5117,O,DL0161_3,TRD,S00229101-B01,55/4/6/001,VIELSALM_CM_FT025,VIELSALM,VIELSALM MONT R50 ARR DRAIN,Production,EN SERVICE,TRD,COMPTEUR,ITRON,FLOSTAR,SOFREL,LS42,POINT ZM (757701.3460000008 613037.7065000013 0 nan),5.881060819867373,50.31832521126765
CPT-4254,VIELSALM MONT R DEP,DL0161,O,DL0161_1,TRD,55102818,S00229101-B01,VIELSALM_CM_FT011,VIELSALM,VIELSALM MONT R50 DEPART,Production,EN SERVICE,TRD,DEBITMETRE,SIEMENS,MAG8000,SOFREL,LS42,POINT ZM (757703.855899997 613037.8267999999 0 nan),5.881096090172275,50.318325830134356
CPT-4354,MALMEDY FLORIHEID HAUT R DEPART SURP HEDOMONT,DL4410,O,FloriheidH_SP_CM_FT004.F.PV,TGW,42500050,S00200301-B01,FloriheidH_SP_CM_FT004.F.PV,MALMEDY,MALMEDY FLORIHEID HAUT R DEP SURP,Production,EN SERVICE,TGW,INCONNU,INCONNU,INCONNU,,,POINT ZM (768016.2264999971 623984.2419000007 0 nan),6.029318978232483,50.41472387385072
CPT-4355,MALMEDY FLORIHEID HAUT R ARRIPREAIX SP,DL4979,O,FloriheidH_SP_CM_FT001.F.PV,TGW,S00200301-B01,42500503,FloriheidH_SP_CM_FT001.F.PV,MALMEDY,MALMEDY FLORIHEID HAUT R ARR PREAIX SP,Production,EN SERVICE,TGW,COMPTEUR,ITRON,FLOSTAR,,,POINT ZM (768020.3464000002 623984.0324000008 0 nan),6.029376864923151,50.414721157782
CPT-4361,STAVELOT STER R ARR BARONHEID R,DL4470,O,Ster_R_CM_FT001.F.PV,TGW,S00217202-B01,42500517,Ster_R_CM_FT001.F.PV,STAVELOT,STAVELOT STER R ARR BARONHEID R,Production,EN SERVICE,TGW,DEBITMETRE,ENDRESS HAUSER,INCONNU,,,POINT ZM (765387.6925999969 629873.8537999988 0 nan),5.9941685720134785,50.468186450820944
CPT-4459,MALMEDY CHODES ST VERS WINBORU R,DL4966,O,DL4966_1,TRD,S00199701-B01,42500529,MALMEDY_CM_FT040,MALMEDY,MALMEDY CHODES ST DEP WINBORU R,Production,EN SERVICE,TRD,DEBITMETRE,SIEMENS,MAG8000,SOFREL,LS42,POINT ZM (769288.8955999985 625992.0639000013 0 nan),6.0478634258252,50.43251161039851
CPT-4460,MALMEDY CHODES SP ARR EAU BRUTE,DL3814,N,Z004204FT1,TGC,S00199701-B01,Unknown,,,,None,,,,,,,,POINT ZM (769408.313699998 626317.7349999994 0 nan),6.049648202740603,50.435414332768396
CPT-4462,MALMEDY BRANTANO ALLIE,DL2969,O,DL2969_1,TRD,55302944,55302936,MALMEDY_CM_FT017,MALMEDY,MALMEDY BRANTANO ALLIE,Distribution,EN SERVICE,TRD,DEBITMETRE,ENDRESS HAUSER,PROMAG53,SOFREL,LS42,POINT ZM (767508.565700002 625113.9717999995 0 nan),6.022533947571165,50.424980479580825
CPT-4474,VIELSALM WEZ DES POURCEAUX ST DEP RESEAU,DL3648,O,Z004058FT1,TGC,55102842,42500574,WezPourceaux_ST_CM_FT001.F.PV,VIELSALM,VIELSALM WEZ DES POURCEAUX ST DEP RESEAU,Adduction,EN SERVICE,TGW,DEBITMETRE,ENDRESS HAUSER,INCONNU,,,POINT ZM (750333.8180000037 605466.8988999985 0 nan),5.775599783558213,50.25158323104599
CPT-4576,MANHAY VAUX CHAVANNE ACHAT AC MANHAY,DL6806,O,DL6806_1,TRD,42500638,Unknown,MANHAY_CM_FT005,MANHAY,MANHAY VAUX CHAVANNE ACHAT AC MANHAY,Achat,EN ATTENTE,TRD,INCONNU,INCONNU,INCONNU,,,POINT ZM (745200.1899999976 610322.1403999999 0 nan),5.704861870674452,50.29608543116719
CPT-4604,MALMEDY BEVERCE,DL2967,O,Z004205FT2,TGC,55302942,55302948,MALMEDY_CM_FT002,MALMEDY,MALMEDY BEVERCE,Production,EN SERVICE,TGC,INCONNU,INCONNU,INCONNU,,,POINT ZM (768657.0138999969 626940.7487999983 0 nan),6.039273800834463,50.44116730699433
CPT-4605,MALMEDY FERME LIBERT,DL2919,O,Z004205FT1,TGC,55302929,55302948,MALMEDY_CM_FT007,MALMEDY,MALMEDY FERME LIBERT,Production,EN SERVICE,TGC,INCONNU,INCONNU,INCONNU,,,POINT ZM (768655.184100002 626940.0885999985 0 nan),6.039247837215625,50.441161745254895
CPT-4606,MALMEDY TAHON R ARR HEDOMONT CV,DL4988,O,DL4988_1,TRD,002024-B02,42500632,MALMEDY_CM_FT055,MALMEDY,MALMEDY TAHON R ARR HEDOMONT CV,Production,EN SERVICE,TRD,DEBITMETRE,SIEMENS,MAG8000,SOFREL,LS42,POINT ZM (769963.7463999987 620298.0929999985 0 nan),6.055528976353035,50.38119545092813
CPT-4608,MALMEDY NAPOLEON R ARR HEDOMONT CV,DL4986,O,Napoleon_R_CM_FT001.F.PV,TGW,S00201601-B01,42500632,Napoleon_R_CM_FT001.F.PV,MALMEDY,MALMEDY NAPOLEON R ARR HEDOMONT CV,Production,EN SERVICE,TGW,INCONNU,INCONNU,INCONNU,,,POINT ZM (770072.5824000016 620646.7965000011 0 nan),6.057170941135139,50.38430727001558
CPT-4610,MALMEDY HEDOMONT R DEP BAUGNEZ,DL2881,O,Hedomont_R_CM_FT002.F.PV,TGW,55302932,S00283301-B01,Hedomont_R_CM_FT002.F.PV,MALMEDY,MALMEDY HEDOMONT R DEP BAUGNEZ,Production,EN SERVICE,TGW,DEBITMETRE,ENDRESS HAUSER,INCONNU,,,POINT ZM (769943.8321999982 622247.7294999994 0 nan),6.055875371107173,50.39872305461442
CPT-4611,MALMEDY XHOFFRAIS SP VERS MONT R200,DL4452,O,Z999999FT99,TGC,42500513,002028-B01,Xhoffraix_SP_CM_FT002.F.PV,MALMEDY,MALMEDY XHOFFRAIS SP DEP MONT R200,Production,EN SERVICE,TGW,DEBITMETRE,INCONNU,INCONNU,,,POINT ZM (770958.1877999976 628857.3641999997 0 nan),6.072283572787253,50.45792120840798
CPT-4612,MALMEDY NAPOLEON R33 DEP VERS LIGNEUVILLE,DL3674,O,Napoleon_R_CM_FT002.F.PV,TGW,55302914,S00201601-B01,Napoleon_R_CM_FT002.F.PV,MALMEDY,MALMEDY NAPOLEON R33 DEP VERS LIGNEUVILLE,Production,EN SERVICE,TGW,INCONNU,INCONNU,INCONNU,,,POINT ZM (770072.9323000014 620647.056499999 0 nan),6.057175943437927,50.38430953499084
CPT-4613,MALMEDY LONGFAYE,DL2928,O,DL2928_1,TRD,55302946,55302947,MALMEDY_CM_FT019,MALMEDY,MALMEDY LONGFAYE,Distribution,EN SERVICE,TRD,DEBITMETRE,SIEMENS,MAG8000,SOFREL,LS42,POINT ZM (771081.1347000003 630399.3013000004 0 nan),6.074516168231965,50.4717545344555
CPT-4614,MALMEDY ST DONAT R OUT,DL2915,O,DL2915_1,TRD,55302912,S00202001-B01,MALMEDY_CM_FT014,MALMEDY,MALMEDY ST DONAT R OUT,Production,EN ATTENTE,TRD,DEBITMETRE,ENDRESS HAUSER,PROMAG53,,,POINT ZM (770197.7008000016 617267.9486999996 0 nan),6.057843005791726,50.35391207822253
CPT-4616,MALMEDY AL GOFFE BOUSSIRE S ARR CHODES SP,DL3583,O,AlGofBoussir_S_CM_FT001.F.PV,TGW,S00198901-B01,42500530,AlGofBoussir_S_CM_FT001.F.PV,MALMEDY,MALMEDY AL GOFFE BOUSSIRE S ARR CHODES SP,Production,EN SERVICE,TGW,INCONNU,INCONNU,INCONNU,,,POINT ZM (770116.876699999 626592.6381999999 0 nan),6.059708144793669,50.43773972670916
CPT-4650,VIELSALM LAGUESPRE DEP ZI,DL0141,O,Laguespre_R_CM_FT004.F.PV,TGW,55102828,S00229801-B02,Laguespre_R_CM_FT004.F.PV,VIELSALM,VIELSALM LAGUESPRE DEP ZI,Production,EN SERVICE,TGW,INCONNU,INCONNU,INCONNU,,,POINT ZM (764498.3043000028 609386.8957999982 0 nan),5.97536291488618,50.284218606045826
CPT-4652,VIELSALM LAGUESPRE R200 ARR DRAIN 1,DL5156,N,Laguespre_R_CM_FT001.F.PV,TGW,S00229801-B02,56/1/9/002,Laguespre_R_CM_FT001.F.PV,VIELSALM,VIELSALM LAGUESPRE R200 ARR DRAIN 1,Production,EN SERVICE,TGW,INCONNU,INCONNU,INCONNU,,,POINT ZM (764501.9142000005 609387.5762000009 0 nan),5.975413763219526,50.28422401540737
CPT-4686,LIERNEUX FANGE COLAS SP ARR ARBREFONTAINE R,DL5123,O,FangeColas_SP_CM_FT001.F.PV,TGW,S00196901-B01,42500545,FangeColas_SP_CM_FT001.F.PV,LIERNEUX,LIERNEUX FANGE COLAS SP ARR ARBREFONTAINE R,Production,EN SERVICE,TGW,DEBITMETRE,,INCONNU,,,POINT ZM (754943.7296999991 611700.0309999995 0 nan),5.84197204868909,50.306802842915964
CPT-4737,LIERNEUX MOULIN DE SART,DL0195,O,DL0195_1,TRD,55102956,55102846,LIERNEUX_CM_FT005,LIERNEUX,LIERNEUX MOULIN DE SART,Distribution,EN SERVICE,TRD,DEBITMETRE,SIEMENS,MAG8000,SOFREL,LS42,POINT ZM (756058.9601000026 607287.0452999994 0 nan),5.85637568322183,50.26693446469052
CPT-4787,ST VITH BREITFELD R ARR BREITFELD CV,DL6402,O,Breitfeld_R_CM_FT001.F.PV,TGW,S00220901-B01,55309455,Breitfeld_R_CM_FT001.F.PV,SAINT VITH,ST VITH BREITFELD R ARR BREITFELD CV,Production,EN SERVICE,TGW,INCONNU,INCONNU,INCONNU,,,POINT ZM (777536.9597000033 607763.6262999997 0 nan),6.157710517298749,50.26693314843003
CPT-4807,JALHAY CV5 VC SART TIEGE,DL7190,O,LTGilStav_CV8_CM_FT002.F.PV,TGW,55103414,42500601,LTGilStav_CV8_CM_FT002.F.PV,JALHAY,JALHAY CV5 VC SART TIEGE,Adduction,EN SERVICE,TGW,DEBITMETRE,INCONNU,INCONNU,,,POINT ZM (761822.1410000026 634967.0819000006 0 nan),5.94548812107247,50.514660586895
CPT-4833,STAVELOT RCP HAUTE LEVEE,DL5910,N,,,55103158,55103158,,,,None,,,,,,,,POINT ZM (761213.2317000031 622490.6495000012 0 nan),5.933175794629306,50.40263503314874
CPT-4838,LIERNEUX JEVIGNE SP IN,DL3454,O,Jevigne_SP_CM_FT001.F.PV,TGW,S00197301-B01,55102961,Jevigne_SP_CM_FT001.F.PV,LIERNEUX,LIERNEUX JEVIGNE SP IN,Production,EN SERVICE,TGW,DEBITMETRE,ENDRESS HAUSER,PROMAG53,,,POINT ZM (749157.363499999 610264.0252999999 0 nan),5.760375782574938,50.29490501618943
CPT-4841,VIELSALM SURP PLATEAU BARAQUE,DL0150,O,Fraiture_ST_CM_FT004.F.PV,TGW,55102840,S00228401-B01,Fraiture_ST_CM_FT004.F.PV,VIELSALM,VIELSALM FRAITURE R125 DEP SURP PLATEAU BARAQUE,Production,EN SERVICE,TGW,INCONNU,INCONNU,INCONNU,,,POINT ZM (748159.3637999967 604897.5196000002 0 nan),5.744966022555789,50.246833950229174
CPT-4901,MALMEDY TAHON QUARTIER,DL2908,O,DL2908_1,TRD,55302918,002024-B02,MALMEDY_CM_FT023,MALMEDY,MALMEDY TAHON QUARTIER,Production,EN SERVICE,TRD,DEBITMETRE,SIEMENS,MAG8000,SOFREL,LS42,POINT ZM (769956.8342999965 620316.3718000017 0 nan),6.055437686578538,50.381361162203
CPT-4906,WAIMES BOTRANGE RT SURP CENTRE NATURE,DL5715,O,Botrange_SP_CM_FT002.F.PV,TGW,55302405,S00231701-B03,Botrange_SP_CM_FT002.F.PV,WAIMES,WAIMES BOTRANGE SP DEP SURP CENTRE NATURE,Production,EN SERVICE,TGW,INCONNU,INCONNU,INCONNU,,,POINT ZM (773057.206600003 632958.4332000017 0 nan),6.1031922584727045,50.49434188818042
CPT-4933,ST VITH LOMMERSWEILER R DEP DREIHUTTEN,DL3108,O,Lommersweil_R_CM_FT003.F.PV,TGW,55309457,42500570,Lommersweil_R_CM_FT003.F.PV,SAINT VITH,ST VITH LOMMERSWEILER R DEP DREIHUTTEN,Production,EN SERVICE,TGW,INCONNU,INCONNU,INCONNU,,,POINT ZM (778095.9139999971 605375.4844999984 0 nan),6.164733910810838,50.24534673927185
CPT-4974,MALMEDY ARIMONT ARR HEDOMONT,DL2886,O,DL2964_3,TRD,55302932,S00198801-B02,MALMEDY_CM_FT027,MALMEDY,MALMEDY ARIMONT ARR HEDOMONT,Distribution,EN SERVICE,TRD,COMPTEUR,ITRON,FLOSTAR,SOFREL,LS42,POINT ZM (770856.3620000035 623547.5262999982 0 nan),6.069128055047423,50.41021752184505
CPT-4975,MALMEDY WINBORU R ARR TUNNEL R CHODES SP,DL3577,O,Wimboru_R_CM_FT001.F.PV,TGW,S00296201-B01,42500529,Wimboru_R_CM_FT001.F.PV,MALMEDY,MALMEDY WINBORU R ARR TUNNEL CHODES,Production,EN SERVICE,TGW,INCONNU,INCONNU,INCONNU,,,POINT ZM (769194.1240999997 625856.1240999997 0 nan),6.046486343970906,50.431309142643066
CPT-4976,MALMEDY MONT R200 ARR XHOFFRAIX SP,DL4453,O,MalmedyMont_R_CM_FT002.F.PV,TGW,S00201501-B01,42500513,MalmedyMont_R_CM_FT002.F.PV,MALMEDY,MALMEDY MONT R ARR XHOFFRAIX SP,Production,EN SERVICE,TGW,INCONNU,INCONNU,INCONNU,,,POINT ZM (769419.9290999994 630770.8957999982 0 nan),6.051239961161665,50.475437050113484
CPT-4994,STAVELOT PRISE ADD VIEUX CHATEAU R VERS LODOMEZ R,DL4957,O,Stavelot_R_CM_FT002.F.PV,TGW,55103152,42509512,Stavelot_R_CM_FT002.F.PV,STAVELOT,STAVELOT VX CHATEAU R DEP LODOMEZ,Production,EN SERVICE,TGW,DEBITMETRE,ENDRESS HAUSER,PROMAG400,,,POINT ZM (762161.6806000024 621138.5346000008 0 nan),5.946107723955608,50.39030021080273
CPT-5014,STAVELOT BARONHEID R DEP HOCKAY,DL0227,O,Baronheid_R_CV_CM_FT003.F.PV,TGW,55103180,42508512,Baronheid_R_CV_CM_FT003.F.PV,STAVELOT,STAVELOT BARONHEID R DEP HOCKAY,Distribution,EN SERVICE,TGW,INCONNU,ENDRESS HAUSER,INCONNU,,,POINT ZM (763249.6397999972 630732.3856999986 0 nan),5.964320327385778,50.476322445446264
CPT-5029,LIERNEUX TRIXHEUFOSSE R80 ARR HEBRONVAL D,DL3761,O,Trixheufoss_ST_CM_FT001.F.PV,TGW,S00197401-B01,55/8/2/001,Trixheufoss_ST_CM_FT001.F.PV,LIERNEUX,LIERNEUX TRIXHEUFOSSE ST ARR HEBRONVAL,Production,EN SERVICE,TGW,INCONNU,INCONNU,INCONNU,,,POINT ZM (751583.2748000026 608349.9957999997 0 nan),5.793897397249167,50.277283500453585
CPT-5034,VIELSALM HEBRONVAL OTTRE,DL0158,O,DL0158_1,TRD,55102843,55102842,VIELSALM_CM_FT008,VIELSALM,VIELSALM HEBRONVAL OTTRE,Distribution,EN SERVICE,TRD,DEBITMETRE,SIEMENS,MAG8000,SOFREL,LS42,POINT ZM (753141.936999999 605920.9596999995 0 nan),5.81509233591352,50.255176465726095
CPT-5036,VIELSALM GOSSOIN R DEP,DL0144,O,Z004060FT3,TGC,55102832,S00228901-B01,VIELSALM_CM_FT001,VIELSALM,VIELSALM GOSSOIN R DEP,Production,EN SERVICE,TGC,INCONNU,INCONNU,INCONNU,,,POINT ZM (761455.8677000031 609136.5806999989 0 nan),5.932607932838972,50.282556096259604
CPT-5056,LIERNEUX GRAND SART SP,DL5913,N,,,55102956,55102956,,,,None,,,,,,,,POINT ZM (755724.1937000006 608246.2355999984 0 nan),5.851951500008449,50.27561697537545
CPT-5099,JALHAY ROUTE DE HOCKAI,DL6990,N,,NONE,55103180,55103180,,,,None,,,,,,,,POINT ZM (764040.1661000028 631911.2168000005 0 nan),5.975816536155778,50.48676384026372
CPT-5107,MALMEDY CHODES FILTRE 3,DL3817,N,Z004204FT7,TGC,S00199701-B01,S00199701-B01,,,,None,,,,,,,,POINT ZM (769398.3841999993 626316.0738000013 0 nan),6.049507936082988,50.43540143390072
CPT-5109,MALMEDY CHODES LAVAGE FILTRE,DL3819,N,Z004204FT3,TGC,S00199701-B01,S00199701-B01,,,,None,,,,,,,,POINT ZM (769374.6447999999 626315.1810000017 0 nan),6.049173573832436,50.43539826697635
CPT-5233,STAVELOT STOCKEU,DL7177,N,DL7176_3,TRD,55103166,55103166,STAVELOT_CM_FT020,STAVELOT,STAVELOT STOCKEU,Distribution,EN SERVICE,TRD,DEBITMETRE,SIEMENS,MAG 8000,SOFREL,LS42,POINT ZM (761912.8209000006 619430.6865000017 0 nan),5.942096867946834,50.374997140836726
CPT-5234,STAVELOT STOCKEU,DL7176,N,DL7176_1,TRD,55103166,55103166,STAVELOT_CM_FT019,STAVELOT,STAVELOT SOMAGNE,Distribution,EN SERVICE,TRD,DEBITMETRE,SIEMENS,MAG 8000,SOFREL,LS42,POINT ZM (761913.2312000021 619428.5566000007 0 nan),5.9421019965223785,50.37497791778128
CPT-5257,LIERNEUX BANEUX S,DL6444,N,Baneux_S_CM_FT001,TGW,55102964,55102964,,,,None,,,,,,,,POINT ZM (748960.7048999965 609147.1499999985 0 nan),5.757321092477273,50.28489880200169
CPT-5325,WAIMES ROBERTVILLE LAC SP LAVAGE,DL6659,N,,NONE,S00232101-B01,S00232101-B01,,,,None,,,,,,,,POINT ZM (774244.4192999974 628789.3125 0 nan),6.118527820015145,50.45661880946267
CPT-5327,WAIMES BOTRANGE R LAVAGE,DL6661,N,,TGW,S00231701-B01,S00231701-B01,,,,None,,,,,,,,POINT ZM (773573.1357999966 632222.4558999985 0 nan),6.11021705904142,50.48761791242853
CPT-5401,STAVELOT STOKEU RCP REF VERS SOMAGNE BAS,DL5911,N,,NONE,55103166,55103166,,,,None,,,,,,,,POINT ZM (761389.1502000019 620686.074000001 0 nan),5.935111102591084,50.38638122275521
CPT-5548,JALHAY CRAMA R ARR ADDUCTION,DL4446,O,Crama_R_CM_FT001.F.PV,TGW,S00194001-B01,42500512,Crama_R_CM_FT001.F.PV,JALHAY,JALHAY CRAMA R ARR ADDUCTION,Production,EN SERVICE,TGW,DEBITMETRE,ENDRESS HAUSER,INCONNU,,,POINT ZM (762501.4491000026 634060.4182000011 0 nan),5.95478937202623,50.50638046501193
CPT-5549,JALHAY CRAMA R DEP SART,DL0236,O,Crama_R_CM_FT002.F.PV,TGW,55103414,S00194001-B01,Crama_R_CM_FT002.F.PV,JALHAY,JALHAY CRAMA R DEP SART,Production,EN SERVICE,TGW,DEBITMETRE,ENDRESS HAUSER,INCONNU,,,POINT ZM (762500.4891000018 634060.2380000018 0 nan),5.95477578706792,50.50637903078504
CPT-5551,STAVELOT VX CHATEAU R DEP VX CHATEAU,DL0216,O,Stavelot_R_CM_FT004.F.PV,TGW,55103191,S00220101-B01,Stavelot_R_CM_FT004.F.PV,STAVELOT,STAVELOT VX CHATEAU R DEP STAVELOT VX CHATEAU,Production,EN SERVICE,TGW,DEBITMETRE,ENDRESS HAUSER,PROMAG400,,,POINT ZM (762155.060800001 621137.5837999992 0 nan),5.946014365766927,50.39029293645075
CPT-5552,JALHAY SART R1250 ARRIVEE,DL4450,O,Wayai_SP_CM_FT001.F.PV,TGW,S00234901-B01,42500601,Wayai_SP_CM_FT001.F.PV,JALHAY,JALHAY SART WAYAI SP ARRIVEE,Production,EN SERVICE,TGW,INCONNU,INCONNU,INCONNU,,,POINT ZM (761976.311999999 633618.3718999997 0 nan),5.947254731638192,50.50250846257294
CPT-5659,VIELSALM FRAITURE SP ARR DRAIN E1,DL5205,N,Fraiture_SP_CM_FT002.F.PV,TGW,S00228401-B02,55/7/3/003,,,,None,,,,,,,,POINT ZM (748151.1625000015 605767.3993999995 0 nan),5.745078676995771,50.254654694100246
CPT-5668,MANHAY VAUX CHAVANNE CHAMBRE CHLORATION,DL5111,O,VxChavanne_CV_CM_FT001.F.PV,TGW,55102965,42500504,VxChavanne_CV_CM_FT001.F.PV,MANHAY,MANHAY VAUX CHAVANNE CHAMBRE CHLORATION,Distribution,EN SERVICE,TGW,INCONNU,INCONNU,INCONNU,,,POINT ZM (745586.5841000006 611026.3321999982 0 nan),5.710463888607736,50.30235236863287
CPT-5673,LIERNEUX JEVIGNE SP OUT,DL3455,O,Jevigne_SP_CM_FT002.F.PV,TGW,55102964,S00197301-B01,Jevigne_SP_CM_FT002.F.PV,LIERNEUX,LIERNEUX JEVIGNE SP OUT,Production,EN SERVICE,TGW,DEBITMETRE,ENDRESS HAUSER,PROMAG53,,,POINT ZM (749157.7835000008 610264.4453000017 0 nan),5.760381787333277,50.294908720295254
CPT-5731,VIELSALM GORONNE BAS SP REFOUL GORONNE,DL0140,O,GoronneBas_SP_CM_FT003.F.PV,TGW,55102825,S00228601-B01,GoronneBas_SP_CM_FT003.F.PV,VIELSALM,VIELSALM GORONNE BAS SP REFOUL GORONNE,Production,EN SERVICE,TGW,INCONNU,INCONNU,INCONNU,,,POINT ZM (756163.5112000033 609490.817499999 0 nan),5.858465965179778,50.28672461973202
CPT-5735,VIELSALM GORONNE BAS R50 ARR DRAIN D1,DL5127,N,GoronneBas_SP_CM_FT001.F.PV,TGW,S00228601-B01,55/4/9/001,GoronneBas_SP_CM_FT001.F.PV,VIELSALM,VIELSALM GORONNE BAS R50 ARR DRAIN D1,Production,EN SERVICE,TGW,INCONNU,INCONNU,INCONNU,,,POINT ZM (756162.8209000006 609493.5373999998 0 nan),5.858457051234571,50.286749193457254
CPT-5778,JALHAY VECQUEE R DEP HOCKAY SURP,DL6469,O,Vecquee_R_CM_FT003.F.PV,TGW,42508512,003005-B01,Vecquee_R_CM_FT003.F.PV,JALHAY,JALHAY VECQUEE R DEP HOCKAY SURP,Production,EN SERVICE,TGW,INCONNU,INCONNU,INCONNU,,,POINT ZM (762827.2128999978 630897.5989999995 0 nan),5.958420493831437,50.477889359137
CPT-5779,STAVELOT CIRCUIT R ARR VILLAGE,DL0225,O,A000194FT1,TGC,S00217101-B01,55103183,JALHAY_CM_FT011,STAVELOT,STAVELOT CIRCUIT R ARR VILLAGE,Production,EN SERVICE,TGC,INCONNU,INCONNU,INCONNU,,,POINT ZM (762983.4094000012 627657.4539999999 0 nan),5.959636756162468,50.44873586121712
CPT-5780,JALHAY ROQUEZ SART STATION,DL0241,O,DL0241_1,TRD,55103415,42500512,JALHAY_CM_FT018,JALHAY,JALHAY ROQUEZ SART STATION,Adduction,EN SERVICE,TRD,DEBITMETRE,ENDRESS HAUSER,PROMAG53,SOFREL,LS42,POINT ZM (762713.6265999973 633541.7540999986 0 nan),5.957622440719434,50.50167758485954
CPT-5781,STAVELOT PRISE ADD ALIMENTATION RIVAGE R,DL4951,N,CM_FT_NotUsed,TGW,42500526,42509512,HTMasta_CV_CM_FT003.F.PV,STAVELOT,STAVELOT PRISE ALIMENTATION RIVAGE R,Adduction,EN SERVICE,TGW,DEBITMETRE,ENDRESS HAUSER,INCONNU,,,POINT ZM (762799.5225000009 625808.6273999996 0 nan),5.9564882358409825,50.43215367000145
CPT-5782,STAVELOT PRISE ADDUCTION WAVREUMONT GRAND,DL4954,O,HTMasta_CV_CM_FT001.F.PV,TGW,42500524,42509512,HTMasta_CV_CM_FT001.F.PV,STAVELOT,STAVELOT PRISE ADDUCTION WAVREUMONT GRAND,Adduction,EN SERVICE,TGW,DEBITMETRE,ENDRESS HAUSER,INCONNU,,,POINT ZM (762851.2210000008 622533.5392999984 0 nan),5.956224341578486,50.40270612031906
CPT-5900,ST VITH GALHAUSEN,DL3140,O,DL3140_1,TRD,55302451,Unknown,ST_VITH_CM_FT006,SAINT VITH,ST VITH GALHAUSEN,Achat,EN SERVICE,TRD,COMPTEUR,ITRON,FLOSTAR,SOFREL,LS42EA,POINT ZM (774331.4452000037 607041.6944999993 0 nan),6.112521916606075,50.26113363912973
CPT-5903,WAIMES OVIFAT,DL2872,O,DL2872_1,TRD,55302406,42500519,WAIMES_CM_FT007,WAIMES,WAIMES OVIFAT,Distribution,EN SERVICE,TRD,DEBITMETRE,SIEMENS,MAG8000,SOFREL,LS42,POINT ZM (774096.0254999995 630409.496100001 0 nan),6.116978718075777,50.471212318238635
CPT-5910,STAVELOT COO BIESTER S,DL5908,O,CooBiester_S_CM_FT001.F.PV,TGW,55109165,55103165,CooBiester_S_CM_FT001.F.PV,STAVELOT,STAVELOT COO BIESTER S,Production,EN SERVICE,TGW,INCONNU,INCONNU,INCONNU,,,POINT ZM (757573.0279000029 621153.3636999987 0 nan),5.88159569545139,50.391297188673846
CPT-5913,STAVELOT HTE LEVEE DEPART,DL0218,O,HauteLevee_R_CM_FT002.F.PV,TGW,55103158,S00217701-B01,HauteLevee_R_CM_FT002.F.PV,STAVELOT,STAVELOT HTE LEVEE DEPART,Production,EN SERVICE,TGW,DEBITMETRE,ENDRESS HAUSER,PROMAG53,,,POINT ZM (760980.1721000001 623432.2375999987 0 nan),5.930178382968594,50.411142774999696
CPT-5914,STAVELOT HTE LEVEE ARR ADD,DL2696,O,HauteLevee_R_CM_FT001.F.PV,TGW,S00217701-B01,42500523,HauteLevee_R_CM_FT001.F.PV,STAVELOT,STAVELOT HTE LEVEE ARR ADD,Production,EN SERVICE,TGW,DEBITMETRE,ENDRESS HAUSER,PROMAG53,,,POINT ZM (760981.201700002 623435.0377000012 0 nan),5.930193698703091,50.41116774758935
CPT-5917,VIELSALM GOLONFA R ARR GRAND BOIS,DL0139,O,Golonfa_R_CM_FT004.F.PV,TGW,S00228501-B01,55102829,Golonfa_R_CM_FT004.F.PV,VIELSALM,VIELSALM GOLONFA ARR GRAND BOIS,Production,EN SERVICE,TGW,DEBITMETRE,INCONNU,PROMAG400,,,POINT ZM (760537.2326000035 611167.0940000005 0 nan),5.920320294064328,50.30098177103245
CPT-5918,STAVELOT SS WERIMONT SP IN,DL3444,O,SSWerimont_SP_CM_FT001.F.PV,TGW,S00219301-B01,55103190,SSWerimont_SP_CM_FT001.F.PV,STAVELOT,STAVELOT SS WERIMONT SP IN,Production,EN SERVICE,TGW,DEBITMETRE,INCONNU,INCONNU,,,POINT ZM (760359.9217000008 621365.1378999986 0 nan),5.920842350999731,50.39268042696877
CPT-5924,STAVELOT RENARDMONT SP REF STER,DL3438,O,Renardmont_SP_CM_FT004.F.PV,TGW,55103901,S00218501-B01,Renardmont_SP_CM_FT004.F.PV,STAVELOT,STAVELOT RENARDMONT SP REF STER,Production,EN SERVICE,TGW,DEBITMETRE,INCONNU,INCONNU,,,POINT ZM (759560.8747000024 621674.6986000016 0 nan),5.909698204490118,50.39561343651024
CPT-5927,AYWAILLE PROVEDROUX DEP,DL0148,O,Z004297FT1,TGC,55102837,55/8/3/004,AYWAILLE_CM_FT004,VIELSALM,VIELSALM PROVEDROUX DEP,Production,EN SERVICE,TGC,INCONNU,INCONNU,INCONNU,,,POINT ZM (757945.302699998 605358.2104000002 0 nan),5.882273931782672,50.2492518161139
CPT-5931,VIELSALM FARNIERES R DEP FARNIERES ST,DL5264,O,DL5264_1,TRD,42500588,55/4/6/003,VIELSALM_CM_FT031,VIELSALM,VIELSALM FARNIERES R DEP FARNIERES ST,Production,EN SERVICE,TRD,DEBITMETRE,SIEMENS,MAG8000,SOFREL,LS42,POINT ZM (757144.9113999978 612401.0221000016 0 nan),5.873066936186854,50.31270453681385
CPT-6005,VIELSALM GORONNE HAUT R OUT,DL3753,O,DL5130_3,TRD,55102959,S00228801-B01,VIELSALM_CM_FT070,VIELSALM,VIELSALM GORONNE HAUT R OUT,Production,EN SERVICE,TRD,COMPTEUR,ITRON,FLOSTAR,SOFREL,DL4W-S,POINT ZM (755830.6049999967 608896.9426000006 0 nan),5.853627760879623,50.28144677053452
CPT-6016,MALMEDY RECULEMONT CV VERS REC BELLEVAUX HP,DL3499,O,Reculemont_CV_CM_FT002.F.PV,TGW,55302955,42500632,Reculemont_CV_CM_FT002.F.PV,MALMEDY,MALMEDY RECULEMONT CV VERS REC BELLEVAUX HP,Adduction,EN SERVICE,TGW,INCONNU,INCONNU,INCONNU,,,POINT ZM (767996.0552000031 620507.2362000011 0 nan),6.02793586444756,50.38347608354912
CPT-6018,MALMEDY ALBERT 1ER 17,DL2958,O,DL2958_1,TRD,55302949,55302945,MALMEDY_CM_FT016,MALMEDY,MALMEDY ALBERT 1ER 17,Distribution,EN SERVICE,TRD,DEBITMETRE,SIEMENS,MAG8000,SOFREL,LS42,POINT ZM (768023.6393000036 625200.9741999991 0 nan),6.029808393490676,50.425658517239555
CPT-6019,MALMEDY CHEFOFOSSE PAR WAVREUMONT,DL3776,O,DL3776_1,TRD,55302925,55103192,MALMEDY_CM_FT061,MALMEDY,MALMEDY CHEVOFOSSE PAR WAVREUMONT,Distribution,EN SERVICE,TRD,DEBITMETRE,SIEMENS,MAG8000,SOFREL,LS42,POINT ZM (765006.7276000008 621995.0505999997 0 nan),5.986371725595023,50.397445314748964
CPT-6110,MALMEDY HEDOMONT CV VERS LIGNEUVILLE,DL2676,O,DL2887_3,TRD,42500632,42500505,MALMEDY_CM_FT025,MALMEDY,MALMEDY HEDOMONT CV VERS LIGNEUVILLE,Production,EN SERVICE,TRD,DEBITMETRE,SIEMENS,MAG8000,SOFREL,LS42,POINT ZM (769080.7136000022 622635.8242000006 0 nan),6.043862211427599,50.402387956070655
CPT-6111,MALMEDY CPT DERRIERE LES JARDINS,DL4984,O,DL4984_1,TRD,55302956,42500632,MALMEDY_CM_FT054,MALMEDY,MALMEDY CPT DERRIERE LES JARDINS,Distribution,EN SERVICE,TRD,DEBITMETRE,SIEMENS,MAG8000,SOFREL,LS42,POINT ZM (769507.5329999998 620476.4902000017 0 nan),6.049173258816668,50.38289242322946
CPT-6112,MALMEDY CHODES ST DEP AL GOFFE R,DL4970,O,Chodes_SP_CM_FT001.F.PV,TGW,42500530,S00199701-B01,Chodes_SP_CM_FT001.F.PV,MALMEDY,MALMEDY CHODES ST DEP AL GOFFE R,Production,EN SERVICE,TGW,INCONNU,INCONNU,INCONNU,,,POINT ZM (769371.2547999993 626316.0205999985 0 nan),6.0491261365099795,50.43540650693489
CPT-6119,MALMEDY DEVANT L ETANG,DL2890,O,DL2890_1,TRD,55302949,55302948,MALMEDY_CM_FT022,MALMEDY,MALMEDY DEVANT L ETANG,Distribution,EN SERVICE,TRD,DEBITMETRE,SIEMENS,MAG8000,SOFREL,LS42,POINT ZM (767718.2616999969 625461.5425000004 0 nan),6.025594064334119,50.428062223972596
CPT-6262,MALMEDY PREAIX SP REF FLORIHEID HAUT NOUV,DL6715,O,Preaix_S_CM_FT001.F.PV,TGW,42500503,55302952,Preaix_S_CM_FT001.F.PV,MALMEDY,MALMEDY PREAIX SP REF FLORIHEID HAUT NOUV,Production,EN SERVICE,TGW,INCONNU,INCONNU,INCONNU,,,POINT ZM (768821.8074000031 624655.2157999985 0 nan),6.0408645178702365,50.420591212901584
CPT-6263,MALMEDY PREAIX SP REF WIMBORU MONTBIJOU,DL6716,O,Preaix_S_CM_FT003.F.PV,TGW,42500532,55302952,Preaix_S_CM_FT003.F.PV,MALMEDY,MALMEDY PREAIX SP REF WIMBORU MONTBIJOU,Production,EN SERVICE,TGW,INCONNU,INCONNU,INCONNU,,,POINT ZM (768819.5768999979 624660.2353999987 0 nan),6.040834738124783,50.420636783656335
CPT-6264,MALMEDY CROIX CHODES SP DEP SURP,DL2945,O,CroixChodes_SP_CM_FT003.F.PV,TGW,55302940,002000-B01,CroixChodes_SP_CM_FT003.F.PV,MALMEDY,MALMEDY CROIX CHODES SP DEP SURP,Production,EN SERVICE,TGW,INCONNU,INCONNU,INCONNU,,,POINT ZM (768712.7217999995 625303.6440999992 0 nan),6.03953634216138,50.426441546721186
CPT-6265,MALMEDY CROIX CHODES SP ARR,DL3581,O,CroixChodes_SP_CM_FT001.F.PV,TGW,002000-B01,42500529,CroixChodes_SP_CM_FT001.F.PV,MALMEDY,MALMEDY CROIX CHODES SP ARR,Production,EN SERVICE,TGW,INCONNU,INCONNU,INCONNU,,,POINT ZM (768714.4910999984 625308.8641999997 0 nan),6.0395628986877785,50.42648810550679
CPT-6266,MALMEDY FLORIHEID BAS R DEPART,DL5499,O,DL4978_3,TRD,55302939,S00200201-B01,MALMEDY_CM_FT060,MALMEDY,MALMEDY FLORIHEID BAS R OUT,Production,EN SERVICE,TRD,INCONNU,INCONNU,INCONNU,SOFREL,DL4W-S,POINT ZM (768590.1294 624435.6422000006 0 nan),6.037535367445093,50.41866478563781
CPT-6268,MALMEDY VAL ARIMONT ACHAT VILLAGE VACANCES,DL6689,N,,NONE,55300501,Unknown,,,,None,,,,,,,,POINT ZM (770379.3991999999 625432.5190000013 0 nan),6.063027993370358,50.42725845042473
CPT-6271,MALMEDY HEDOMONT R ARR FLORIHEID HAUT R,DL4412,O,Hedomont_R_CM_FT001.F.PV,TGW,S00283301-B01,42500050,Hedomont_R_CM_FT001.F.PV,MALMEDY,MALMEDY HEDOMONT R700 ARR FLORIHEID HAUT R,Production,EN SERVICE,TGW,DEBITMETRE,ENDRESS HAUSER,INCONNU,,,POINT ZM (769943.0816999972 622252.3693999983 0 nan),6.055866308875974,50.39876491257495
CPT-6302,MALMEDY PONT DE WARCHE CV PETIT,DL6866,O,PontWarche_CV_CM_FT002.F.PV,TGW,55302953,42500524,PontWarche_CV_CM_FT002.F.PV,MALMEDY,MALMEDY PONT DE WARCHE CV PETIT,Adduction,EN SERVICE,TGW,DEBITMETRE,,,,,POINT ZM (766170.5150000006 624313.3442000002 0 nan),6.003458419351628,50.4180522123929
CPT-6304,VIELSALM LAGUESPRE R200 ARR LUXIBOU R95,DL5158,N,Laguespre_R_CM_FT002.F.PV,TGW,S00229801-B02,42509929,,,,None,,,,,,,,POINT ZM (764501.0141000003 609387.9461000003 0 nan),5.975401249363345,50.284227516354626
CPT-6446,ST VITH SETZ ATZERATH,DL2897,O,DL2897_1,TRD,55302453,42500569,ST_VITH_CM_FT005,SAINT VITH,ST VITH SETZ ATZERATH,Adduction,EN SERVICE,TRD,DEBITMETRE,SIEMENS,MAG8000,SOFREL,LS42,POINT ZM (781079.6459000036 608664.2305000015 0 nan),6.2077009436648085,50.27424553237507
CPT-6447,ST VITH ACHAT SETH AZERATH SCHLIERBACH GD,DL5181,O,DL5181_1,TRD,42500508,Unknown,SAINT_VITH_CM_FT005,SAINT VITH,ST VITH ACHAT SETH AZERATH SCHLIERBACH GD,Achat,EN SERVICE,TRD,DEBITMETRE,HYDRUS,INCONNU,SOFREL,LS42,POINT ZM (777104.5393000022 609635.3625999987 0 nan),6.152280883236766,50.28385020810584
CPT-6449,ST VITH BREITFELD R DEP GRAV BREITFELD,DL3380,O,Breitfeld_R_CM_FT002.F.PV,TGW,55309456,S00220901-B01,Breitfeld_R_CM_FT002.F.PV,SAINT VITH,ST VITH BREITFELD R DEP GRAV BREITFELD,Production,EN SERVICE,TGW,INCONNU,INCONNU,INCONNU,,,POINT ZM (777531.1300999969 607761.2056999989 0 nan),6.157627950321178,50.266912661568576
CPT-6450,ST VITH NEIDINGEN,DL3106,O,DL3106_1,TRD,55302456,55302455,ST_VITH_CM_FT004,SAINT VITH,ST VITH NEIDINGEN,Distribution,EN SERVICE,TRD,DEBITMETRE,SIEMENS,MAG8000,SOFREL,LS42,POINT ZM (776967.5736000016 606218.5144000016 0 nan),6.149203954279924,50.253169441662614
CPT-6456,LIERNEUX AMCOMONT R IN,DL3405,O,Amcomont_R_CM_FT001.F.PV,TGW,S00196001-B01,55102962,Amcomont_R_CM_FT001.F.PV,LIERNEUX,LIERNEUX AMCOMONT R IN,Production,EN SERVICE,TGW,INCONNU,INCONNU,INCONNU,,,POINT ZM (752718.941200003 612548.6834000014 0 nan),5.810978847789648,50.31482641443148
CPT-6463,LIERNEUX FALIZE AMCOMONT,DL0190,O,DL0190_1,TRD,55102962,55102960,LIERNEUX_CM_FT006,LIERNEUX,LIERNEUX FALIZE AMCOMONT,Distribution,EN SERVICE,TRD,DEBITMETRE,SIEMENS,MAG8000,SOFREL,LS42,POINT ZM (752568.0319000036 609650.3467000015 0 nan),5.808066388541833,50.28880027557263
CPT-6469,VIELSALM ENNAL ST OUT,DL3191,O,Z004274FT1,TGC,55102823,56/1/5/002,VIELSALM_CM_FT019,VIELSALM,VIELSALM ENNAL ST OUT,Production,EN SERVICE,TGC,INCONNU,INCONNU,INCONNU,,,POINT ZM (761380.1585000008 613689.6997000016 0 nan),5.932899763995775,50.323496314598145
CPT-6505,STAVELOT VX CHATEAU R DEP STOCKEU,DL0215,O,Stavelot_R_CM_FT003.F.PV,TGW,55103166,S00220101-B01,Stavelot_R_CM_FT003.F.PV,STAVELOT,STAVELOT VX CHATEAU R DEP STOCKEU,Production,EN SERVICE,TGW,DEBITMETRE,ENDRESS HAUSER,PROMAG400,,,POINT ZM (762155.0307999998 621136.8038000017 0 nan),5.946013709578748,50.39028593127328
CPT-6510,VIELSALM FRAITURE BIHAIN,DL0151,O,Fraiture_ST_CM_FT002.F.PV,TGW,55102841,S00228401-B01,Fraiture_ST_CM_FT002.F.PV,VIELSALM,VIELSALM FRAITURE R125 DEP BIHAIN,Production,EN SERVICE,TGW,INCONNU,INCONNU,INCONNU,,,POINT ZM (748160.5535999984 604898.9098000005 0 nan),5.744983065045126,50.24684624714468
CPT-6542,WAIMES LAC SP DEP ANDRIFOSSE,DL3024,O,Robertville_ST_CM_FT003.F.PV,TGW,55302401,S00232101-B01,Robertville_ST_CM_FT003.F.PV,WAIMES,WAIMES LAC SP DEP ANDRIFOSSE,Production,EN SERVICE,TGW,INCONNU,INCONNU,INCONNU,,,POINT ZM (774243.8392999992 628788.7424000017 0 nan),6.11851946419518,50.45661380904045
CPT-6543,WAIMES SOURBRODT PUITS COMMUNAL DEPART,DL4479,O,A000137FT3,TGC,42500628,50/2/6/004,WAIMES_CM_FT012,WAIMES,WAIMES SOURBRODT PUITS COMMUNAL,Production,EN SERVICE,TGC,INCONNU,INCONNU,INCONNU,,,POINT ZM (773919.129900001 631720.4125999995 0 nan),6.114924111352241,50.48303220139695
CPT-6545,STAVELOT SS WERIMONT SP OUT,DL3443,O,SSWerimont_SP_CM_FT002.F.PV,TGW,55104190,S00219301-B01,SSWerimont_SP_CM_FT002.F.PV,STAVELOT,STAVELOT SS WERIMONT SP OUT,Production,EN SERVICE,TGW,DEBITMETRE,INCONNU,INCONNU,,,POINT ZM (760358.4513000026 621368.4576999992 0 nan),5.9208226582610015,50.39271054482129
CPT-6570,STAVELOT HOUVEGNEZ R35 DEPART,DL5133,O,Z999999FT99,TGC,42500549,56/1/3/002,STAVELOT_CM_FT011,STAVELOT,STAVELOT HOUVEGNEZ R35 DEPART,Production,EN ATTENTE,TGC,COMPTEUR,ITRON,FLOSTAR,,,POINT ZM (765643.9312999994 615641.4578999989 0 nan),5.993365275161848,50.340211538797284
CPT-6571,STAVELOT HOCKAI R DEP MONT R,DL3754,O,Hockai_SP_CM_FT003.F.PV,TGW,55109180,S00217801-B01,Hockai_SP_CM_FT003.F.PV,STAVELOT,STAVELOT HOCKAI SP DEP MONT R,Production,EN SERVICE,TGW,INCONNU,INCONNU,INCONNU,,,POINT ZM (765799.1013000011 631149.9560000002 0 nan),6.000359536540274,50.47957464299125
CPT-6639,MALMEDY AISANCE D ARIMONT R ARRIVEE,DL4977,O,DL4977_1,TRD,S00198801-B02,55302932,MALMEDY_CM_FT048,MALMEDY,MALMEDY AISANCE ARIMONT R ARR BAGATELLE,Production,EN SERVICE,TRD,COMPTEUR,ITRON,FLOSTAR,SOFREL,LS42,POINT ZM (771103.6966999993 623868.5625 0 nan),6.072711056441582,50.41305174608826
CPT-6661,VIELSALM BECHE SALMCHAT,DL0146,O,Z004059FT3,TGC,55102835,S00230501-B01,VIELSALM_CM_FT065,VIELSALM,VIELSALM BECHE SALMCHAT,Production,EN SERVICE,TGC,INCONNU,INCONNU,INCONNU,,,POINT ZM (759842.3740999997 607132.0934000015 0 nan),5.909386686919696,50.26484370242778
CPT-6662,WAIMES ANDRIFOSSE ARR SP LAC,DL2852,O,Andrifosse_ST_CM_FT001.F.PV,TGW,S00231601-B01,55302401,Andrifosse_ST_CM_FT001.F.PV,WAIMES,WAIMES ANDRIFOSSE ST ARR LAC SP,Production,EN SERVICE,TGW,INCONNU,INCONNU,INCONNU,,,POINT ZM (774795.2833999991 629899.9908000007 0 nan),6.126655497045607,50.466483769402416
CPT-6687,ST VITH LOMMERSWEILER R DEP VILLAGE,DL2851,O,Lommersweil_R_CM_FT002.F.PV,TGW,55302457,S00221101-B01,Lommersweil_R_CM_FT002.F.PV,SAINT VITH,ST VITH LOMMERSWEILER R DEP VILLAGE,Production,EN SERVICE,TGW,INCONNU,INCONNU,INCONNU,,,POINT ZM (778095.0239999965 605375.6444000006 0 nan),6.164721491109383,50.24534837099153
CPT-6703,STAVELOT CIRCUIT R DEP VILLAGE,DL5922,N,A000194FT3,TGC,S00217101-B01,S00217101-B01,,,,None,,,,,,,,POINT ZM (762981.490199998 627651.1737999991 0 nan),5.959607833847964,50.44867978493284
CPT-595,VIELSALM FRAITURE R FILTRATION FT5,DL5883,N,,TGC,Unknown,S00228401-B01,,,,None,,,,,,,,POINT ZM (748164.8536999971 604897.9703000002 0 nan),5.745043098480587,50.24683708045917
CPT-877,JALHAY HOURT R DECHARGE,DL6678,N,Z004054FT3,TGC,Unknown,S00229401-B01,,,,None,,,,,,,,POINT ZM (759964.6921999976 612993.9945 0 nan),5.912822092874478,50.3175109187904
CPT-1398,ST VITH SETZ VENTE RODGEN ,DL5187,O,DL5187_1,TRD,Unknown,42500569,SAINT_VITH_CM_FT006,SAINT VITH,ST VITH SETZ VENTE RODGEN ,Vente,EN SERVICE,TRD,COMPTEUR,ITRON,FLOSTAR,SOFREL,DL4W-S,POINT ZM (780598.1599999964 608174.9376000017 0 nan),6.200778213394235,50.26995542216278
CPT-1646,WAIMES RTE BOUHEMONT GD VEN AC WAIMES,DL5897,N,,NONE,Unknown,55302403,,,,None,,,,,,,,POINT ZM (774765.0349000022 624411.2034999989 0 nan),6.124391786636951,50.417157968068125
CPT-1674,ST VITH VENTE PRUMER BERG,DL5180,O,DL5180_1,TRD,Unknown,42500508,SAINT_VITH_CM_FT008,SAINT VITH,ST VITH VENTE PRUMER BERG,Vente,EN SERVICE,TRD,COMPTEUR,ITRON,FLOSTAR,SOFREL,DL4W-S,POINT ZM (777266.3253000006 609023.4996000007 0 nan),6.154342772242875,50.27831568151757
CPT-2560,WAIMES RTE BOUHEMONT PT VEN AC WAIMES,DL6360,N,,NONE,Unknown,55302403,,,,None,,,,,,,,POINT ZM (774765.3347999975 624411.8335000016 0 nan),6.124396216020816,50.41716356633141
CPT-2564,WAIMES CHAMPAGNE SP FILTRE IN OUT,DL6658,N,,NONE,Unknown,S00231801-B01,,,,None,,,,,,,,POINT ZM (775384.0588999987 626750.0824000016 0 nan),6.1338860124192625,50.4380467828522
CPT-2578,VIELSALM GOLONFA R LAVAGE DECHARGE,DL6676,N,,NONE,Unknown,S00228501-B01,,,,None,,,,,,,,POINT ZM (760532.6724999994 611168.5133999996 0 nan),5.9202567191538025,50.30099539125972
CPT-3129,ST VITH LOMMERSWEILER R EAU SERVICE,DL6712,N,,NONE,Unknown,42500570,,,,None,,,,,,,,POINT ZM (778095.3237000033 605378.3143999986 0 nan),6.16472660184469,50.24537230326181
CPT-3971,VIELSALM WEZ DES POURCEAUX R SECOUR FRAITURE,DL0152,O,DL0152_1,TRD,55/7/3/001-55/7/6/003,55102839,VIELSALM_CM_FT060,VIELSALM,VIELSALM WEZ DES POURCEAUX R SECOURS FRAITURE,Production,EN SERVICE,TRD,DEBITMETRE,SIEMENS,MAG8000,SOFREL,LS42,POINT ZM (749478.2449000031 605044.2589000016 0 nan),5.763493057205358,50.247930228781556
CPT-4005,VIELSALM FRAITURE SP DEP FRAITURE ST,DL5207,O,Fraiture_SP_CM_FT003.F.PV,TGW,42500572,S00228401-B02,Fraiture_SP_CM_FT003.F.PV,VIELSALM,VIELSALM FRAITURE SP DEP FRAITURE ST,Production,EN SERVICE,TGW,INCONNU,INCONNU,INCONNU,,,POINT ZM (748151.6920000017 605771.8794 0 nan),5.745087273281334,50.254694876051175
CPT-4234,STAVELOT ROUTE TROIS PONTS VENTE,DL5927,N,,,Unknown,55103165,,,,None,,,,,,,,POINT ZM (758472.8813999966 619727.0828999989 0 nan),5.8938333004727355,50.37831048007974
CPT-4782,ST VITH SETZ VENTE ALVERSTEG,DL5192,O,DL5187_3,TRD,Unknown,42500569,SAINT_VITH_CM_FT007,SAINT VITH,ST VITH SETZ VENTE ALVERSTEG,Vente,EN SERVICE,TRD,COMPTEUR,ELSTER,INCONNU,SOFREL,DL4W-S,POINT ZM (780597.2801000029 608174.1774999984 0 nan),6.200765610106862,50.26994878671227
CPT-4805,VIELSALM GOSSOIN R DECHARGE DRAIN 2 BYPASS,DL5148,N,Z004060FT5,TGC,Unknown,S00228901-B01,,,,None,,,,,,,,POINT ZM (761463.6163000017 609147.6715999991 0 nan),5.93271992711607,50.28265431112344
CPT-5021,STAVELOT RENARDMONT HETCHERAY P,DL5851,N,Renardmont_SP_CM_FT001.F.PV,TGW,50/5/4/003,S00218501-B01,,,,None,,,,,,,,POINT ZM (759561.2246999964 621674.2087000012 0 nan),5.909702982122943,50.39560896735588
CPT-5882,STAVELOT RIVAGE HAUT R DEP DEPRESSEUX,DL5954,N,,NONE,55109904,S00218801-B01,,,,None,,,,,,,,POINT ZM (763587.3699999973 625020.1616999991 0 nan),5.967334513413561,50.42491383472744
CPT-5916,VIELSALM GOLONFA DEP SUN PARK,DL5881,N,Golonfa_R_CM_FT005,TGW,55109918,S00228501-B01,,,,None,,,,,,,,POINT ZM (760537.4227000028 611166.1939999983 0 nan),5.920322696234916,50.3009736454047
CPT-6467,VIELSALM GOSSOIN R DECHARGE DRAIN 1,DL5147,N,Z004060FT4,TGC,Unknown,S00228901-B01,,,,None,,,,,,,,POINT ZM (761467.0561999977 609148.5219999999 0 nan),5.932768434714299,50.28266129963517
